,image,superpixels,compactness,model,shap_value,background,predicted,predicted_var,P(e = 0)
0,Llama.png,10,10,resnet152,0.5655781727143079,0,1.9268099633703812,0.7425625758799519,0.5817090818106295
1,Llama.png,10,10,resnet152,0.12805471953378017,0,1.9268099633703812,0.7425625758799519,0.5817090818106295
2,Llama.png,10,10,resnet152,0.3172304825429647,0,1.9268099633703812,0.7425625758799519,0.5817090818106295
3,Llama.png,10,10,resnet152,6.708341347234947,0,1.9268099633703812,0.7425625758799519,0.5817090818106295
4,Llama.png,10,10,resnet152,0.2338273955601547,0,1.9268099633703812,0.7425625758799519,0.5817090818106295
5,Llama.png,10,10,resnet152,0.17419799939445202,0,1.9268099633703812,0.7425625758799519,0.5817090818106295
0,Llama.png,10,10,resnet152,3.4579639925517083,mean,3.9059154500643416,0.8939801197888387,0.5029664893698531
1,Llama.png,10,10,resnet152,0.15444508771725063,mean,3.9059154500643416,0.8939801197888387,0.5029664893698531
2,Llama.png,10,10,resnet152,0.9805351539490017,mean,3.9059154500643416,0.8939801197888387,0.5029664893698531
3,Llama.png,10,10,resnet152,4.481497181446683,mean,3.9059154500643416,0.8939801197888387,0.5029664893698531
4,Llama.png,10,10,resnet152,1.080439307930445,mean,3.9059154500643416,0.8939801197888387,0.5029664893698531
5,Llama.png,10,10,resnet152,-0.2008401985625608,mean,3.9059154500643416,0.8939801197888387,0.5029664893698531
0,Llama.png,10,100,resnet152,2.102499053889027,0,2.654725884046096,0.7784684545431977,0.6738201492871395
1,Llama.png,10,100,resnet152,-0.7794163241357321,0,2.654725884046096,0.7784684545431977,0.6738201492871395
2,Llama.png,10,100,resnet152,1.1121340449623491,0,2.654725884046096,0.7784684545431977,0.6738201492871395
3,Llama.png,10,100,resnet152,2.5004683773400562,0,2.654725884046096,0.7784684545431977,0.6738201492871395
4,Llama.png,10,100,resnet152,0.11593738744142246,0,2.654725884046096,0.7784684545431977,0.6738201492871395
5,Llama.png,10,100,resnet152,0.017681851153295236,0,2.654725884046096,0.7784684545431977,0.6738201492871395
6,Llama.png,10,100,resnet152,2.3499732746319655,0,2.654725884046096,0.7784684545431977,0.6738201492871395
7,Llama.png,10,100,resnet152,0.6704475692563292,0,2.654725884046096,0.7784684545431977,0.6738201492871395
8,Llama.png,10,100,resnet152,0.7123720565084481,0,2.654725884046096,0.7784684545431977,0.6738201492871395
0,Llama.png,10,100,resnet152,2.7066650921453714,mean,2.1215110632934056,0.6330419410737259,0.8463077221022098
1,Llama.png,10,100,resnet152,-0.5823711314370834,mean,2.1215110632934056,0.6330419410737259,0.8463077221022098
2,Llama.png,10,100,resnet152,-0.6095310987337165,mean,2.1215110632934056,0.6330419410737259,0.8463077221022098
3,Llama.png,10,100,resnet152,2.4568369018061014,mean,2.1215110632934056,0.6330419410737259,0.8463077221022098
4,Llama.png,10,100,resnet152,-0.6948115795244524,mean,2.1215110632934056,0.6330419410737259,0.8463077221022098
5,Llama.png,10,100,resnet152,-1.0780235773193203,mean,2.1215110632934056,0.6330419410737259,0.8463077221022098
6,Llama.png,10,100,resnet152,2.2092905480516567,mean,2.1215110632934056,0.6330419410737259,0.8463077221022098
7,Llama.png,10,100,resnet152,0.9224074444324831,mean,2.1215110632934056,0.6330419410737259,0.8463077221022098
8,Llama.png,10,100,resnet152,0.5840943643593631,mean,2.1215110632934056,0.6330419410737259,0.8463077221022098
0,Llama.png,10,1000,resnet152,1.3395000245606445,0,2.0865555893940986,0.4449137246357216,1.2036868521538602
1,Llama.png,10,1000,resnet152,-0.34828911417662023,0,2.0865555893940986,0.4449137246357216,1.2036868521538602
2,Llama.png,10,1000,resnet152,-0.33462665503963884,0,2.0865555893940986,0.4449137246357216,1.2036868521538602
3,Llama.png,10,1000,resnet152,0.6662550549106575,0,2.0865555893940986,0.4449137246357216,1.2036868521538602
4,Llama.png,10,1000,resnet152,1.0018254084071634,0,2.0865555893940986,0.4449137246357216,1.2036868521538602
5,Llama.png,10,1000,resnet152,1.0988360368311547,0,2.0865555893940986,0.4449137246357216,1.2036868521538602
6,Llama.png,10,1000,resnet152,0.4846681308716799,0,2.0865555893940986,0.4449137246357216,1.2036868521538602
7,Llama.png,10,1000,resnet152,0.37177474802594346,0,2.0865555893940986,0.4449137246357216,1.2036868521538602
8,Llama.png,10,1000,resnet152,1.055556064735809,0,2.0865555893940986,0.4449137246357216,1.2036868521538602
0,Llama.png,10,1000,resnet152,1.2574987652584597,mean,1.813140845497791,0.38182037397228447,1.2547077846593437
1,Llama.png,10,1000,resnet152,-0.7921542160863257,mean,1.813140845497791,0.38182037397228447,1.2547077846593437
2,Llama.png,10,1000,resnet152,-0.33204394792063674,mean,1.813140845497791,0.38182037397228447,1.2547077846593437
3,Llama.png,10,1000,resnet152,0.5820574922808484,mean,1.813140845497791,0.38182037397228447,1.2547077846593437
4,Llama.png,10,1000,resnet152,0.8082581564105649,mean,1.813140845497791,0.38182037397228447,1.2547077846593437
5,Llama.png,10,1000,resnet152,1.02641884078366,mean,1.813140845497791,0.38182037397228447,1.2547077846593437
6,Llama.png,10,1000,resnet152,0.5565549220765724,mean,1.813140845497791,0.38182037397228447,1.2547077846593437
7,Llama.png,10,1000,resnet152,1.1836170434695683,mean,1.813140845497791,0.38182037397228447,1.2547077846593437
8,Llama.png,10,1000,resnet152,0.5303248395994591,mean,1.813140845497791,0.38182037397228447,1.2547077846593437
0,Llama.png,20,10,resnet152,0.1243058002201376,0,1.6467134421741685,0.8676755714835843,0.6394764523957112
1,Llama.png,20,10,resnet152,-0.07760562481868938,0,1.6467134421741685,0.8676755714835843,0.6394764523957112
2,Llama.png,20,10,resnet152,-0.5182230078751209,0,1.6467134421741685,0.8676755714835843,0.6394764523957112
3,Llama.png,20,10,resnet152,5.667914314944076,0,1.6467134421741685,0.8676755714835843,0.6394764523957112
4,Llama.png,20,10,resnet152,0.9379346748675546,0,1.6467134421741685,0.8676755714835843,0.6394764523957112
5,Llama.png,20,10,resnet152,0.2235232572643704,0,1.6467134421741685,0.8676755714835843,0.6394764523957112
6,Llama.png,20,10,resnet152,-0.31480807444045666,0,1.6467134421741685,0.8676755714835843,0.6394764523957112
7,Llama.png,20,10,resnet152,-0.13557205989113585,0,1.6467134421741685,0.8676755714835843,0.6394764523957112
8,Llama.png,20,10,resnet152,-2.4806527287773177,0,1.6467134421741685,0.8676755714835843,0.6394764523957112
9,Llama.png,20,10,resnet152,1.1790614512011304,0,1.6467134421741685,0.8676755714835843,0.6394764523957112
10,Llama.png,20,10,resnet152,2.802466820462532,0,1.6467134421741685,0.8676755714835843,0.6394764523957112
11,Llama.png,20,10,resnet152,-0.5639979741733665,0,1.6467134421741685,0.8676755714835843,0.6394764523957112
0,Llama.png,20,10,resnet152,2.955088202980529,mean,1.6179813085438122,0.924027923662513,0.6006980956720581
1,Llama.png,20,10,resnet152,0.37153002050098904,mean,1.6179813085438122,0.924027923662513,0.6006980956720581
2,Llama.png,20,10,resnet152,-0.26396466968392573,mean,1.6179813085438122,0.924027923662513,0.6006980956720581
3,Llama.png,20,10,resnet152,5.172946496904567,mean,1.6179813085438122,0.924027923662513,0.6006980956720581
4,Llama.png,20,10,resnet152,3.7583967436031678,mean,1.6179813085438122,0.924027923662513,0.6006980956720581
5,Llama.png,20,10,resnet152,-0.5097901582262958,mean,1.6179813085438122,0.924027923662513,0.6006980956720581
6,Llama.png,20,10,resnet152,-0.20075253774604462,mean,1.6179813085438122,0.924027923662513,0.6006980956720581
7,Llama.png,20,10,resnet152,-1.2099921854452842,mean,1.6179813085438122,0.924027923662513,0.6006980956720581
8,Llama.png,20,10,resnet152,-2.1856594659448296,mean,1.6179813085438122,0.924027923662513,0.6006980956720581
9,Llama.png,20,10,resnet152,-0.823306555332608,mean,1.6179813085438122,0.924027923662513,0.6006980956720581
10,Llama.png,20,10,resnet152,0.30164072811023623,mean,1.6179813085438122,0.924027923662513,0.6006980956720581
11,Llama.png,20,10,resnet152,-0.4713601520945292,mean,1.6179813085438122,0.924027923662513,0.6006980956720581
0,Llama.png,20,100,resnet152,-1.7047428896772923,0,1.5462611511762416,0.9228579619408793,0.6103974585111464
1,Llama.png,20,100,resnet152,2.8932661460919222,0,1.5462611511762416,0.9228579619408793,0.6103974585111464
2,Llama.png,20,100,resnet152,-1.1445460553221407,0,1.5462611511762416,0.9228579619408793,0.6103974585111464
3,Llama.png,20,100,resnet152,-1.3332060497462317,0,1.5462611511762416,0.9228579619408793,0.6103974585111464
4,Llama.png,20,100,resnet152,3.5799131250084577,0,1.5462611511762416,0.9228579619408793,0.6103974585111464
5,Llama.png,20,100,resnet152,-1.5573416837156486,0,1.5462611511762416,0.9228579619408793,0.6103974585111464
6,Llama.png,20,100,resnet152,-1.6549905753277603,0,1.5462611511762416,0.9228579619408793,0.6103974585111464
7,Llama.png,20,100,resnet152,-1.7811984687892943,0,1.5462611511762416,0.9228579619408793,0.6103974585111464
8,Llama.png,20,100,resnet152,2.985383820806343,0,1.5462611511762416,0.9228579619408793,0.6103974585111464
9,Llama.png,20,100,resnet152,-1.2159342682424996,0,1.5462611511762416,0.9228579619408793,0.6103974585111464
10,Llama.png,20,100,resnet152,0.5861219453833715,0,1.5462611511762416,0.9228579619408793,0.6103974585111464
11,Llama.png,20,100,resnet152,1.218748179537943,0,1.5462611511762416,0.9228579619408793,0.6103974585111464
12,Llama.png,20,100,resnet152,2.2200595393558107,0,1.5462611511762416,0.9228579619408793,0.6103974585111464
13,Llama.png,20,100,resnet152,1.7197779172736725,0,1.5462611511762416,0.9228579619408793,0.6103974585111464
14,Llama.png,20,100,resnet152,-0.14212158326920665,0,1.5462611511762416,0.9228579619408793,0.6103974585111464
15,Llama.png,20,100,resnet152,1.9448080638832788,0,1.5462611511762416,0.9228579619408793,0.6103974585111464
0,Llama.png,20,100,resnet152,-1.652774586404461,mean,1.5475012382081585,1.0728465332463775,0.5250394322611432
1,Llama.png,20,100,resnet152,3.893114461966164,mean,1.5475012382081585,1.0728465332463775,0.5250394322611432
2,Llama.png,20,100,resnet152,-1.7153738582495315,mean,1.5475012382081585,1.0728465332463775,0.5250394322611432
3,Llama.png,20,100,resnet152,-1.4256805894886253,mean,1.5475012382081585,1.0728465332463775,0.5250394322611432
4,Llama.png,20,100,resnet152,5.803788188216273,mean,1.5475012382081585,1.0728465332463775,0.5250394322611432
5,Llama.png,20,100,resnet152,-1.2080689790575798,mean,1.5475012382081585,1.0728465332463775,0.5250394322611432
6,Llama.png,20,100,resnet152,-1.7519748034668599,mean,1.5475012382081585,1.0728465332463775,0.5250394322611432
7,Llama.png,20,100,resnet152,-2.1452391098133,mean,1.5475012382081585,1.0728465332463775,0.5250394322611432
8,Llama.png,20,100,resnet152,1.1395984473428984,mean,1.5475012382081585,1.0728465332463775,0.5250394322611432
9,Llama.png,20,100,resnet152,-1.6813745752944533,mean,1.5475012382081585,1.0728465332463775,0.5250394322611432
10,Llama.png,20,100,resnet152,1.4202559873671037,mean,1.5475012382081585,1.0728465332463775,0.5250394322611432
11,Llama.png,20,100,resnet152,2.871268282374268,mean,1.5475012382081585,1.0728465332463775,0.5250394322611432
12,Llama.png,20,100,resnet152,1.9423590204757186,mean,1.5475012382081585,1.0728465332463775,0.5250394322611432
13,Llama.png,20,100,resnet152,1.247214556583839,mean,1.5475012382081585,1.0728465332463775,0.5250394322611432
14,Llama.png,20,100,resnet152,-0.9597691953043088,mean,1.5475012382081585,1.0728465332463775,0.5250394322611432
15,Llama.png,20,100,resnet152,1.0270335545660247,mean,1.5475012382081585,1.0728465332463775,0.5250394322611432
0,Llama.png,20,1000,resnet152,-1.7601583265246576,0,1.5488459210882972,0.9295752386120585,0.6059061984069248
1,Llama.png,20,1000,resnet152,2.800449828096664,0,1.5488459210882972,0.9295752386120585,0.6059061984069248
2,Llama.png,20,1000,resnet152,-1.266676880389542,0,1.5488459210882972,0.9295752386120585,0.6059061984069248
3,Llama.png,20,1000,resnet152,-1.3616282650118903,0,1.5488459210882972,0.9295752386120585,0.6059061984069248
4,Llama.png,20,1000,resnet152,-1.5441464885474803,0,1.5488459210882972,0.9295752386120585,0.6059061984069248
5,Llama.png,20,1000,resnet152,3.2261779403590998,0,1.5488459210882972,0.9295752386120585,0.6059061984069248
6,Llama.png,20,1000,resnet152,-2.016369002935808,0,1.5488459210882972,0.9295752386120585,0.6059061984069248
7,Llama.png,20,1000,resnet152,-1.653355547615821,0,1.5488459210882972,0.9295752386120585,0.6059061984069248
8,Llama.png,20,1000,resnet152,-1.5128030510771833,0,1.5488459210882972,0.9295752386120585,0.6059061984069248
9,Llama.png,20,1000,resnet152,2.1440389445635315,0,1.5488459210882972,0.9295752386120585,0.6059061984069248
10,Llama.png,20,1000,resnet152,2.3935561908374225,0,1.5488459210882972,0.9295752386120585,0.6059061984069248
11,Llama.png,20,1000,resnet152,1.845432335665779,0,1.5488459210882972,0.9295752386120585,0.6059061984069248
12,Llama.png,20,1000,resnet152,1.8220998965412236,0,1.5488459210882972,0.9295752386120585,0.6059061984069248
13,Llama.png,20,1000,resnet152,-0.362384305310687,0,1.5488459210882972,0.9295752386120585,0.6059061984069248
14,Llama.png,20,1000,resnet152,1.7777570100217817,0,1.5488459210882972,0.9295752386120585,0.6059061984069248
15,Llama.png,20,1000,resnet152,2.0629911264011174,0,1.5488459210882972,0.9295752386120585,0.6059061984069248
0,Llama.png,20,1000,resnet152,-1.8419394970960303,mean,1.544031051898231,1.0759138321011803,0.5235626400799094
1,Llama.png,20,1000,resnet152,2.5063432729640605,mean,1.544031051898231,1.0759138321011803,0.5235626400799094
2,Llama.png,20,1000,resnet152,-2.0014213281591013,mean,1.544031051898231,1.0759138321011803,0.5235626400799094
3,Llama.png,20,1000,resnet152,-1.828026804203339,mean,1.544031051898231,1.0759138321011803,0.5235626400799094
4,Llama.png,20,1000,resnet152,-1.4115774565803156,mean,1.544031051898231,1.0759138321011803,0.5235626400799094
5,Llama.png,20,1000,resnet152,5.348676057144887,mean,1.544031051898231,1.0759138321011803,0.5235626400799094
6,Llama.png,20,1000,resnet152,-2.6750453596368606,mean,1.544031051898231,1.0759138321011803,0.5235626400799094
7,Llama.png,20,1000,resnet152,-2.330605513865579,mean,1.544031051898231,1.0759138321011803,0.5235626400799094
8,Llama.png,20,1000,resnet152,-1.7133195505022973,mean,1.544031051898231,1.0759138321011803,0.5235626400799094
9,Llama.png,20,1000,resnet152,1.6808221393475207,mean,1.544031051898231,1.0759138321011803,0.5235626400799094
10,Llama.png,20,1000,resnet152,3.8541768875680997,mean,1.544031051898231,1.0759138321011803,0.5235626400799094
11,Llama.png,20,1000,resnet152,2.239007651588504,mean,1.544031051898231,1.0759138321011803,0.5235626400799094
12,Llama.png,20,1000,resnet152,2.3650212373730164,mean,1.544031051898231,1.0759138321011803,0.5235626400799094
13,Llama.png,20,1000,resnet152,-0.8115475689360983,mean,1.544031051898231,1.0759138321011803,0.5235626400799094
14,Llama.png,20,1000,resnet152,1.3139486389596238,mean,1.544031051898231,1.0759138321011803,0.5235626400799094
15,Llama.png,20,1000,resnet152,1.3296743553311612,mean,1.544031051898231,1.0759138321011803,0.5235626400799094
0,Llama.png,30,10,resnet152,-0.5018755137373754,0,1.538912980000556,0.8646579715976804,0.6516706520745498
1,Llama.png,30,10,resnet152,0.8775320359106393,0,1.538912980000556,0.8646579715976804,0.6516706520745498
2,Llama.png,30,10,resnet152,0.10191027142132825,0,1.538912980000556,0.8646579715976804,0.6516706520745498
3,Llama.png,30,10,resnet152,0.0016222504868972365,0,1.538912980000556,0.8646579715976804,0.6516706520745498
4,Llama.png,30,10,resnet152,0.40618067498227317,0,1.538912980000556,0.8646579715976804,0.6516706520745498
5,Llama.png,30,10,resnet152,3.4432876538919484,0,1.538912980000556,0.8646579715976804,0.6516706520745498
6,Llama.png,30,10,resnet152,0.01063995568174958,0,1.538912980000556,0.8646579715976804,0.6516706520745498
7,Llama.png,30,10,resnet152,0.34592431786180233,0,1.538912980000556,0.8646579715976804,0.6516706520745498
8,Llama.png,30,10,resnet152,3.6730447177094576,0,1.538912980000556,0.8646579715976804,0.6516706520745498
9,Llama.png,30,10,resnet152,0.6224771976782622,0,1.538912980000556,0.8646579715976804,0.6516706520745498
10,Llama.png,30,10,resnet152,0.9387213929462961,0,1.538912980000556,0.8646579715976804,0.6516706520745498
11,Llama.png,30,10,resnet152,-0.11618648909724438,0,1.538912980000556,0.8646579715976804,0.6516706520745498
12,Llama.png,30,10,resnet152,-0.25847715176934916,0,1.538912980000556,0.8646579715976804,0.6516706520745498
13,Llama.png,30,10,resnet152,-0.7123151286888909,0,1.538912980000556,0.8646579715976804,0.6516706520745498
14,Llama.png,30,10,resnet152,-1.6819575884339102,0,1.538912980000556,0.8646579715976804,0.6516706520745498
15,Llama.png,30,10,resnet152,-0.5864009117263742,0,1.538912980000556,0.8646579715976804,0.6516706520745498
16,Llama.png,30,10,resnet152,-0.38489483219220455,0,1.538912980000556,0.8646579715976804,0.6516706520745498
17,Llama.png,30,10,resnet152,0.34133201762354126,0,1.538912980000556,0.8646579715976804,0.6516706520745498
18,Llama.png,30,10,resnet152,1.0279112405893631,0,1.538912980000556,0.8646579715976804,0.6516706520745498
19,Llama.png,30,10,resnet152,0.4369085452731247,0,1.538912980000556,0.8646579715976804,0.6516706520745498
0,Llama.png,30,10,resnet152,-0.7196714379206179,mean,1.5382907156170944,1.1866566697913552,0.47481566856321505
1,Llama.png,30,10,resnet152,5.257675908377269,mean,1.5382907156170944,1.1866566697913552,0.47481566856321505
2,Llama.png,30,10,resnet152,-0.3600707914235719,mean,1.5382907156170944,1.1866566697913552,0.47481566856321505
3,Llama.png,30,10,resnet152,-0.927903143388841,mean,1.5382907156170944,1.1866566697913552,0.47481566856321505
4,Llama.png,30,10,resnet152,-0.5863135238243542,mean,1.5382907156170944,1.1866566697913552,0.47481566856321505
5,Llama.png,30,10,resnet152,6.131323768075365,mean,1.5382907156170944,1.1866566697913552,0.47481566856321505
6,Llama.png,30,10,resnet152,-0.7248083219180916,mean,1.5382907156170944,1.1866566697913552,0.47481566856321505
7,Llama.png,30,10,resnet152,-0.9468617529273633,mean,1.5382907156170944,1.1866566697913552,0.47481566856321505
8,Llama.png,30,10,resnet152,4.132277396464183,mean,1.5382907156170944,1.1866566697913552,0.47481566856321505
9,Llama.png,30,10,resnet152,1.0614029220763581,mean,1.5382907156170944,1.1866566697913552,0.47481566856321505
10,Llama.png,30,10,resnet152,-0.78143385280308,mean,1.5382907156170944,1.1866566697913552,0.47481566856321505
11,Llama.png,30,10,resnet152,-0.014666695842362465,mean,1.5382907156170944,1.1866566697913552,0.47481566856321505
12,Llama.png,30,10,resnet152,0.6933057882847051,mean,1.5382907156170944,1.1866566697913552,0.47481566856321505
13,Llama.png,30,10,resnet152,-0.7851657645384789,mean,1.5382907156170944,1.1866566697913552,0.47481566856321505
14,Llama.png,30,10,resnet152,-2.1904438408236286,mean,1.5382907156170944,1.1866566697913552,0.47481566856321505
15,Llama.png,30,10,resnet152,1.121436614079954,mean,1.5382907156170944,1.1866566697913552,0.47481566856321505
16,Llama.png,30,10,resnet152,0.5326597713913142,mean,1.5382907156170944,1.1866566697913552,0.47481566856321505
17,Llama.png,30,10,resnet152,-0.49188056263048585,mean,1.5382907156170944,1.1866566697913552,0.47481566856321505
18,Llama.png,30,10,resnet152,-1.0796331637987997,mean,1.5382907156170944,1.1866566697913552,0.47481566856321505
19,Llama.png,30,10,resnet152,-1.2110256808686062,mean,1.5382907156170944,1.1866566697913552,0.47481566856321505
0,Llama.png,30,100,resnet152,-1.3704534882546202,0,1.5385543444711782,0.9280003119318511,0.6072028673636634
1,Llama.png,30,100,resnet152,2.530025800196143,0,1.5385543444711782,0.9280003119318511,0.6072028673636634
2,Llama.png,30,100,resnet152,0.06663044573302868,0,1.5385543444711782,0.9280003119318511,0.6072028673636634
3,Llama.png,30,100,resnet152,-0.7514357033298928,0,1.5385543444711782,0.9280003119318511,0.6072028673636634
4,Llama.png,30,100,resnet152,-1.1910764234688607,0,1.5385543444711782,0.9280003119318511,0.6072028673636634
5,Llama.png,30,100,resnet152,-0.36064753290736906,0,1.5385543444711782,0.9280003119318511,0.6072028673636634
6,Llama.png,30,100,resnet152,-0.9847241376988807,0,1.5385543444711782,0.9280003119318511,0.6072028673636634
7,Llama.png,30,100,resnet152,-0.051798735255122796,0,1.5385543444711782,0.9280003119318511,0.6072028673636634
8,Llama.png,30,100,resnet152,-1.2288717178148447,0,1.5385543444711782,0.9280003119318511,0.6072028673636634
9,Llama.png,30,100,resnet152,-1.2646874138795732,0,1.5385543444711782,0.9280003119318511,0.6072028673636634
10,Llama.png,30,100,resnet152,2.1308681926433657,0,1.5385543444711782,0.9280003119318511,0.6072028673636634
11,Llama.png,30,100,resnet152,3.130400979889939,0,1.5385543444711782,0.9280003119318511,0.6072028673636634
12,Llama.png,30,100,resnet152,-0.6925006431179201,0,1.5385543444711782,0.9280003119318511,0.6072028673636634
13,Llama.png,30,100,resnet152,-0.696607133011403,0,1.5385543444711782,0.9280003119318511,0.6072028673636634
14,Llama.png,30,100,resnet152,-1.3606356614571,0,1.5385543444711782,0.9280003119318511,0.6072028673636634
15,Llama.png,30,100,resnet152,1.0489164255289651,0,1.5385543444711782,0.9280003119318511,0.6072028673636634
16,Llama.png,30,100,resnet152,1.0468083238639123,0,1.5385543444711782,0.9280003119318511,0.6072028673636634
17,Llama.png,30,100,resnet152,-0.29661397483881036,0,1.5385543444711782,0.9280003119318511,0.6072028673636634
18,Llama.png,30,100,resnet152,1.8734509405134854,0,1.5385543444711782,0.9280003119318511,0.6072028673636634
19,Llama.png,30,100,resnet152,-1.0558047685415994,0,1.5385543444711782,0.9280003119318511,0.6072028673636634
20,Llama.png,30,100,resnet152,1.0780475269240342,0,1.5385543444711782,0.9280003119318511,0.6072028673636634
21,Llama.png,30,100,resnet152,0.22016342114715481,0,1.5385543444711782,0.9280003119318511,0.6072028673636634
22,Llama.png,30,100,resnet152,0.7850451433361627,0,1.5385543444711782,0.9280003119318511,0.6072028673636634
23,Llama.png,30,100,resnet152,3.141825608170325,0,1.5385543444711782,0.9280003119318511,0.6072028673636634
24,Llama.png,30,100,resnet152,1.5719813609564874,0,1.5385543444711782,0.9280003119318511,0.6072028673636634
0,Llama.png,30,100,resnet152,-0.922239550704739,mean,1.5385481051327528,0.9685467033583973,0.5817835130611437
1,Llama.png,30,100,resnet152,-1.0817894490336606,mean,1.5385481051327528,0.9685467033583973,0.5817835130611437
2,Llama.png,30,100,resnet152,0.30484341126412584,mean,1.5385481051327528,0.9685467033583973,0.5817835130611437
3,Llama.png,30,100,resnet152,-1.1013778514446546,mean,1.5385481051327528,0.9685467033583973,0.5817835130611437
4,Llama.png,30,100,resnet152,-0.5219088066172941,mean,1.5385481051327528,0.9685467033583973,0.5817835130611437
5,Llama.png,30,100,resnet152,-1.7246130096452132,mean,1.5385481051327528,0.9685467033583973,0.5817835130611437
6,Llama.png,30,100,resnet152,-0.8248693696144342,mean,1.5385481051327528,0.9685467033583973,0.5817835130611437
7,Llama.png,30,100,resnet152,0.6695749843804295,mean,1.5385481051327528,0.9685467033583973,0.5817835130611437
8,Llama.png,30,100,resnet152,-0.9504014311320685,mean,1.5385481051327528,0.9685467033583973,0.5817835130611437
9,Llama.png,30,100,resnet152,-1.0761453117814908,mean,1.5385481051327528,0.9685467033583973,0.5817835130611437
10,Llama.png,30,100,resnet152,3.2877598374581503,mean,1.5385481051327528,0.9685467033583973,0.5817835130611437
11,Llama.png,30,100,resnet152,1.5217834428022032,mean,1.5385481051327528,0.9685467033583973,0.5817835130611437
12,Llama.png,30,100,resnet152,-0.9681141851710144,mean,1.5385481051327528,0.9685467033583973,0.5817835130611437
13,Llama.png,30,100,resnet152,-0.48215637284604407,mean,1.5385481051327528,0.9685467033583973,0.5817835130611437
14,Llama.png,30,100,resnet152,-1.6872771597704075,mean,1.5385481051327528,0.9685467033583973,0.5817835130611437
15,Llama.png,30,100,resnet152,1.6920390934725615,mean,1.5385481051327528,0.9685467033583973,0.5817835130611437
16,Llama.png,30,100,resnet152,1.1798627033532598,mean,1.5385481051327528,0.9685467033583973,0.5817835130611437
17,Llama.png,30,100,resnet152,1.8756096642660582,mean,1.5385481051327528,0.9685467033583973,0.5817835130611437
18,Llama.png,30,100,resnet152,1.422766190686314,mean,1.5385481051327528,0.9685467033583973,0.5817835130611437
19,Llama.png,30,100,resnet152,-0.7675617143068454,mean,1.5385481051327528,0.9685467033583973,0.5817835130611437
20,Llama.png,30,100,resnet152,2.7958696540549832,mean,1.5385481051327528,0.9685467033583973,0.5817835130611437
21,Llama.png,30,100,resnet152,0.47556192835608524,mean,1.5385481051327528,0.9685467033583973,0.5817835130611437
22,Llama.png,30,100,resnet152,0.7121650015579104,mean,1.5385481051327528,0.9685467033583973,0.5817835130611437
23,Llama.png,30,100,resnet152,1.6275423574861079,mean,1.5385481051327528,0.9685467033583973,0.5817835130611437
24,Llama.png,30,100,resnet152,2.3790415991209124,mean,1.5385481051327528,0.9685467033583973,0.5817835130611437
0,Llama.png,30,1000,resnet152,-1.6810352380555162,0,1.5385500351182282,0.9667985359712354,0.5828355600591687
1,Llama.png,30,1000,resnet152,2.9362359622862693,0,1.5385500351182282,0.9667985359712354,0.5828355600591687
2,Llama.png,30,1000,resnet152,-0.12435185786753022,0,1.5385500351182282,0.9667985359712354,0.5828355600591687
3,Llama.png,30,1000,resnet152,-0.7437136965561253,0,1.5385500351182282,0.9667985359712354,0.5828355600591687
4,Llama.png,30,1000,resnet152,-1.4129272504371655,0,1.5385500351182282,0.9667985359712354,0.5828355600591687
5,Llama.png,30,1000,resnet152,-0.5348317974455687,0,1.5385500351182282,0.9667985359712354,0.5828355600591687
6,Llama.png,30,1000,resnet152,-1.3762487733513273,0,1.5385500351182282,0.9667985359712354,0.5828355600591687
7,Llama.png,30,1000,resnet152,-1.272989494385235,0,1.5385500351182282,0.9667985359712354,0.5828355600591687
8,Llama.png,30,1000,resnet152,1.1511657505721467,0,1.5385500351182282,0.9667985359712354,0.5828355600591687
9,Llama.png,30,1000,resnet152,-1.498607899034833,0,1.5385500351182282,0.9667985359712354,0.5828355600591687
10,Llama.png,30,1000,resnet152,3.157666621568035,0,1.5385500351182282,0.9667985359712354,0.5828355600591687
11,Llama.png,30,1000,resnet152,-1.3191536446776722,0,1.5385500351182282,0.9667985359712354,0.5828355600591687
12,Llama.png,30,1000,resnet152,-0.28135410402528027,0,1.5385500351182282,0.9667985359712354,0.5828355600591687
13,Llama.png,30,1000,resnet152,-0.8587899788041593,0,1.5385500351182282,0.9667985359712354,0.5828355600591687
14,Llama.png,30,1000,resnet152,2.1931201252103065,0,1.5385500351182282,0.9667985359712354,0.5828355600591687
15,Llama.png,30,1000,resnet152,1.5973270213047406,0,1.5385500351182282,0.9667985359712354,0.5828355600591687
16,Llama.png,30,1000,resnet152,1.1937076471236263,0,1.5385500351182282,0.9667985359712354,0.5828355600591687
17,Llama.png,30,1000,resnet152,1.8531376725231898,0,1.5385500351182282,0.9667985359712354,0.5828355600591687
18,Llama.png,30,1000,resnet152,-1.1606711256342064,0,1.5385500351182282,0.9667985359712354,0.5828355600591687
19,Llama.png,30,1000,resnet152,-1.322620446772941,0,1.5385500351182282,0.9667985359712354,0.5828355600591687
20,Llama.png,30,1000,resnet152,-0.2911202889442368,0,1.5385500351182282,0.9667985359712354,0.5828355600591687
21,Llama.png,30,1000,resnet152,2.5271891061719467,0,1.5385500351182282,0.9667985359712354,0.5828355600591687
22,Llama.png,30,1000,resnet152,1.825106788864296,0,1.5385500351182282,0.9667985359712354,0.5828355600591687
23,Llama.png,30,1000,resnet152,1.5079096063024096,0,1.5385500351182282,0.9667985359712354,0.5828355600591687
24,Llama.png,30,1000,resnet152,1.0481387142464587,0,1.5385500351182282,0.9667985359712354,0.5828355600591687
0,Llama.png,30,1000,resnet152,-1.6213273762681748,mean,1.5385643454505873,1.058167658153072,0.5325092856765969
1,Llama.png,30,1000,resnet152,2.936964922803992,mean,1.5385643454505873,1.058167658153072,0.5325092856765969
2,Llama.png,30,1000,resnet152,-1.1774610685371365,mean,1.5385643454505873,1.058167658153072,0.5325092856765969
3,Llama.png,30,1000,resnet152,-1.2658361703318208,mean,1.5385643454505873,1.058167658153072,0.5325092856765969
4,Llama.png,30,1000,resnet152,-0.8187723326514411,mean,1.5385643454505873,1.058167658153072,0.5325092856765969
5,Llama.png,30,1000,resnet152,-1.034141949031529,mean,1.5385643454505873,1.058167658153072,0.5325092856765969
6,Llama.png,30,1000,resnet152,-1.8821322496631785,mean,1.5385643454505873,1.058167658153072,0.5325092856765969
7,Llama.png,30,1000,resnet152,-1.590566342058482,mean,1.5385643454505873,1.058167658153072,0.5325092856765969
8,Llama.png,30,1000,resnet152,0.9147080157349263,mean,1.5385643454505873,1.058167658153072,0.5325092856765969
9,Llama.png,30,1000,resnet152,-1.2824560270081582,mean,1.5385643454505873,1.058167658153072,0.5325092856765969
10,Llama.png,30,1000,resnet152,2.7903935917730984,mean,1.5385643454505873,1.058167658153072,0.5325092856765969
11,Llama.png,30,1000,resnet152,-1.6479415908387027,mean,1.5385643454505873,1.058167658153072,0.5325092856765969
12,Llama.png,30,1000,resnet152,-0.20335499431052995,mean,1.5385643454505873,1.058167658153072,0.5325092856765969
13,Llama.png,30,1000,resnet152,-1.4067775964159663,mean,1.5385643454505873,1.058167658153072,0.5325092856765969
14,Llama.png,30,1000,resnet152,2.6262704636484013,mean,1.5385643454505873,1.058167658153072,0.5325092856765969
15,Llama.png,30,1000,resnet152,3.3838360071291236,mean,1.5385643454505873,1.058167658153072,0.5325092856765969
16,Llama.png,30,1000,resnet152,2.5598411610911547,mean,1.5385643454505873,1.058167658153072,0.5325092856765969
17,Llama.png,30,1000,resnet152,1.784946917206007,mean,1.5385643454505873,1.058167658153072,0.5325092856765969
18,Llama.png,30,1000,resnet152,-1.5321498926806512,mean,1.5385643454505873,1.058167658153072,0.5325092856765969
19,Llama.png,30,1000,resnet152,-1.5113980022308136,mean,1.5385643454505873,1.058167658153072,0.5325092856765969
20,Llama.png,30,1000,resnet152,0.22483752949187696,mean,1.5385643454505873,1.058167658153072,0.5325092856765969
21,Llama.png,30,1000,resnet152,1.6510572161260957,mean,1.5385643454505873,1.058167658153072,0.5325092856765969
22,Llama.png,30,1000,resnet152,2.0427874052752975,mean,1.5385643454505873,1.058167658153072,0.5325092856765969
23,Llama.png,30,1000,resnet152,2.600481297117294,mean,1.5385643454505873,1.058167658153072,0.5325092856765969
24,Llama.png,30,1000,resnet152,0.3238117230078936,mean,1.5385643454505873,1.058167658153072,0.5325092856765969
0,Llama.png,40,10,resnet152,0.4288051303229201,0,1.5385363768661513,0.9058470987649475,0.6220528706097328
1,Llama.png,40,10,resnet152,-0.5309387752766765,0,1.5385363768661513,0.9058470987649475,0.6220528706097328
2,Llama.png,40,10,resnet152,0.26939605659477284,0,1.5385363768661513,0.9058470987649475,0.6220528706097328
3,Llama.png,40,10,resnet152,-0.5456799636527747,0,1.5385363768661513,0.9058470987649475,0.6220528706097328
4,Llama.png,40,10,resnet152,0.8015161021204742,0,1.5385363768661513,0.9058470987649475,0.6220528706097328
5,Llama.png,40,10,resnet152,1.3045305689988989,0,1.5385363768661513,0.9058470987649475,0.6220528706097328
6,Llama.png,40,10,resnet152,1.8223179084341852,0,1.5385363768661513,0.9058470987649475,0.6220528706097328
7,Llama.png,40,10,resnet152,-1.2057856582241477,0,1.5385363768661513,0.9058470987649475,0.6220528706097328
8,Llama.png,40,10,resnet152,1.0015593792961939,0,1.5385363768661513,0.9058470987649475,0.6220528706097328
9,Llama.png,40,10,resnet152,0.88912410493037,0,1.5385363768661513,0.9058470987649475,0.6220528706097328
10,Llama.png,40,10,resnet152,0.12387498397598584,0,1.5385363768661513,0.9058470987649475,0.6220528706097328
11,Llama.png,40,10,resnet152,1.342168940892582,0,1.5385363768661513,0.9058470987649475,0.6220528706097328
12,Llama.png,40,10,resnet152,0.05696666161647457,0,1.5385363768661513,0.9058470987649475,0.6220528706097328
13,Llama.png,40,10,resnet152,0.8220322180669415,0,1.5385363768661513,0.9058470987649475,0.6220528706097328
14,Llama.png,40,10,resnet152,3.0361192154584913,0,1.5385363768661513,0.9058470987649475,0.6220528706097328
15,Llama.png,40,10,resnet152,0.48308438234868856,0,1.5385363768661513,0.9058470987649475,0.6220528706097328
16,Llama.png,40,10,resnet152,-0.5171642218117447,0,1.5385363768661513,0.9058470987649475,0.6220528706097328
17,Llama.png,40,10,resnet152,-0.7504976032747734,0,1.5385363768661513,0.9058470987649475,0.6220528706097328
18,Llama.png,40,10,resnet152,0.5911757730307832,0,1.5385363768661513,0.9058470987649475,0.6220528706097328
19,Llama.png,40,10,resnet152,-1.7052455824486117,0,1.5385363768661513,0.9058470987649475,0.6220528706097328
20,Llama.png,40,10,resnet152,-0.425197977739574,0,1.5385363768661513,0.9058470987649475,0.6220528706097328
21,Llama.png,40,10,resnet152,0.5406668115844782,0,1.5385363768661513,0.9058470987649475,0.6220528706097328
22,Llama.png,40,10,resnet152,0.18839755411918135,0,1.5385363768661513,0.9058470987649475,0.6220528706097328
23,Llama.png,40,10,resnet152,-1.3297443050651983,0,1.5385363768661513,0.9058470987649475,0.6220528706097328
24,Llama.png,40,10,resnet152,-0.5584141060368872,0,1.5385363768661513,0.9058470987649475,0.6220528706097328
25,Llama.png,40,10,resnet152,0.08312255730407969,0,1.5385363768661513,0.9058470987649475,0.6220528706097328
26,Llama.png,40,10,resnet152,-0.5662847497352854,0,1.5385363768661513,0.9058470987649475,0.6220528706097328
27,Llama.png,40,10,resnet152,0.2560060939086566,0,1.5385363768661513,0.9058470987649475,0.6220528706097328
28,Llama.png,40,10,resnet152,0.17937723336552613,0,1.5385363768661513,0.9058470987649475,0.6220528706097328
29,Llama.png,40,10,resnet152,0.2898830129477852,0,1.5385363768661513,0.9058470987649475,0.6220528706097328
30,Llama.png,40,10,resnet152,0.7281470378185131,0,1.5385363768661513,0.9058470987649475,0.6220528706097328
31,Llama.png,40,10,resnet152,1.5280816189513349,0,1.5385363768661513,0.9058470987649475,0.6220528706097328
0,Llama.png,40,10,resnet152,-0.44632299546629284,mean,1.538536376582618,1.2566149619494424,0.44841483287094513
1,Llama.png,40,10,resnet152,-0.4427477137784841,mean,1.538536376582618,1.2566149619494424,0.44841483287094513
2,Llama.png,40,10,resnet152,-0.18713631333287495,mean,1.538536376582618,1.2566149619494424,0.44841483287094513
3,Llama.png,40,10,resnet152,-0.14426689358374922,mean,1.538536376582618,1.2566149619494424,0.44841483287094513
4,Llama.png,40,10,resnet152,-0.4248526585201571,mean,1.538536376582618,1.2566149619494424,0.44841483287094513
5,Llama.png,40,10,resnet152,-0.19847570156975358,mean,1.538536376582618,1.2566149619494424,0.44841483287094513
6,Llama.png,40,10,resnet152,7.34403859583997,mean,1.538536376582618,1.2566149619494424,0.44841483287094513
7,Llama.png,40,10,resnet152,-0.11191239952041876,mean,1.538536376582618,1.2566149619494424,0.44841483287094513
8,Llama.png,40,10,resnet152,-0.04333069472058604,mean,1.538536376582618,1.2566149619494424,0.44841483287094513
9,Llama.png,40,10,resnet152,-0.32219552655736683,mean,1.538536376582618,1.2566149619494424,0.44841483287094513
10,Llama.png,40,10,resnet152,-0.05333277997539465,mean,1.538536376582618,1.2566149619494424,0.44841483287094513
11,Llama.png,40,10,resnet152,0.09467222586597801,mean,1.538536376582618,1.2566149619494424,0.44841483287094513
12,Llama.png,40,10,resnet152,-0.47527943982348386,mean,1.538536376582618,1.2566149619494424,0.44841483287094513
13,Llama.png,40,10,resnet152,-0.4265314601372987,mean,1.538536376582618,1.2566149619494424,0.44841483287094513
14,Llama.png,40,10,resnet152,0.006732213898028583,mean,1.538536376582618,1.2566149619494424,0.44841483287094513
15,Llama.png,40,10,resnet152,-0.2758584008906624,mean,1.538536376582618,1.2566149619494424,0.44841483287094513
16,Llama.png,40,10,resnet152,-0.06212560468001982,mean,1.538536376582618,1.2566149619494424,0.44841483287094513
17,Llama.png,40,10,resnet152,-0.17115129764020054,mean,1.538536376582618,1.2566149619494424,0.44841483287094513
18,Llama.png,40,10,resnet152,-0.42829015080447874,mean,1.538536376582618,1.2566149619494424,0.44841483287094513
19,Llama.png,40,10,resnet152,0.49259726515965374,mean,1.538536376582618,1.2566149619494424,0.44841483287094513
20,Llama.png,40,10,resnet152,-0.5784708397711542,mean,1.538536376582618,1.2566149619494424,0.44841483287094513
21,Llama.png,40,10,resnet152,-0.7032353603802255,mean,1.538536376582618,1.2566149619494424,0.44841483287094513
22,Llama.png,40,10,resnet152,-0.2581307518563687,mean,1.538536376582618,1.2566149619494424,0.44841483287094513
23,Llama.png,40,10,resnet152,1.1666249238332171,mean,1.538536376582618,1.2566149619494424,0.44841483287094513
24,Llama.png,40,10,resnet152,5.279757107196675,mean,1.538536376582618,1.2566149619494424,0.44841483287094513
25,Llama.png,40,10,resnet152,1.7054517917574246,mean,1.538536376582618,1.2566149619494424,0.44841483287094513
26,Llama.png,40,10,resnet152,-0.44699017181989387,mean,1.538536376582618,1.2566149619494424,0.44841483287094513
27,Llama.png,40,10,resnet152,1.1695932817322756,mean,1.538536376582618,1.2566149619494424,0.44841483287094513
28,Llama.png,40,10,resnet152,-0.5350538655384245,mean,1.538536376582618,1.2566149619494424,0.44841483287094513
29,Llama.png,40,10,resnet152,0.2522754511646128,mean,1.538536376582618,1.2566149619494424,0.44841483287094513
30,Llama.png,40,10,resnet152,-0.41960577431550217,mean,1.538536376582618,1.2566149619494424,0.44841483287094513
31,Llama.png,40,10,resnet152,-0.6528720979748011,mean,1.538536376582618,1.2566149619494424,0.44841483287094513
0,Llama.png,40,100,resnet152,-0.879468645722215,0,1.5385362924637196,0.93878081439308,0.6002304066464114
1,Llama.png,40,100,resnet152,0.6363565820197801,0,1.5385362924637196,0.93878081439308,0.6002304066464114
2,Llama.png,40,100,resnet152,-0.3826197219813552,0,1.5385362924637196,0.93878081439308,0.6002304066464114
3,Llama.png,40,100,resnet152,-0.5294562024980749,0,1.5385362924637196,0.93878081439308,0.6002304066464114
4,Llama.png,40,100,resnet152,-0.5978425086860732,0,1.5385362924637196,0.93878081439308,0.6002304066464114
5,Llama.png,40,100,resnet152,-0.5509822662871775,0,1.5385362924637196,0.93878081439308,0.6002304066464114
6,Llama.png,40,100,resnet152,1.40464366510076,0,1.5385362924637196,0.93878081439308,0.6002304066464114
7,Llama.png,40,100,resnet152,-0.467264074945529,0,1.5385362924637196,0.93878081439308,0.6002304066464114
8,Llama.png,40,100,resnet152,-0.6748295765206453,0,1.5385362924637196,0.93878081439308,0.6002304066464114
9,Llama.png,40,100,resnet152,-0.4067706739729817,0,1.5385362924637196,0.93878081439308,0.6002304066464114
10,Llama.png,40,100,resnet152,-0.22440564109179384,0,1.5385362924637196,0.93878081439308,0.6002304066464114
11,Llama.png,40,100,resnet152,-0.5159774008033144,0,1.5385362924637196,0.93878081439308,0.6002304066464114
12,Llama.png,40,100,resnet152,-0.7870421528777092,0,1.5385362924637196,0.93878081439308,0.6002304066464114
13,Llama.png,40,100,resnet152,0.01258813603170239,0,1.5385362924637196,0.93878081439308,0.6002304066464114
14,Llama.png,40,100,resnet152,3.317375948976764,0,1.5385362924637196,0.93878081439308,0.6002304066464114
15,Llama.png,40,100,resnet152,-0.7345920320319741,0,1.5385362924637196,0.93878081439308,0.6002304066464114
16,Llama.png,40,100,resnet152,-0.6284571097424902,0,1.5385362924637196,0.93878081439308,0.6002304066464114
17,Llama.png,40,100,resnet152,-0.5206491105952353,0,1.5385362924637196,0.93878081439308,0.6002304066464114
18,Llama.png,40,100,resnet152,-0.4177775937906478,0,1.5385362924637196,0.93878081439308,0.6002304066464114
19,Llama.png,40,100,resnet152,0.9115946931189112,0,1.5385362924637196,0.93878081439308,0.6002304066464114
20,Llama.png,40,100,resnet152,0.5964775506285909,0,1.5385362924637196,0.93878081439308,0.6002304066464114
21,Llama.png,40,100,resnet152,0.8774007274582161,0,1.5385362924637196,0.93878081439308,0.6002304066464114
22,Llama.png,40,100,resnet152,-0.19345567719932877,0,1.5385362924637196,0.93878081439308,0.6002304066464114
23,Llama.png,40,100,resnet152,3.1085075571763867,0,1.5385362924637196,0.93878081439308,0.6002304066464114
24,Llama.png,40,100,resnet152,-0.16324010679996404,0,1.5385362924637196,0.93878081439308,0.6002304066464114
25,Llama.png,40,100,resnet152,-0.4011802857993514,0,1.5385362924637196,0.93878081439308,0.6002304066464114
26,Llama.png,40,100,resnet152,0.9562520616770178,0,1.5385362924637196,0.93878081439308,0.6002304066464114
27,Llama.png,40,100,resnet152,0.004523725529121503,0,1.5385362924637196,0.93878081439308,0.6002304066464114
28,Llama.png,40,100,resnet152,-0.6006281217515612,0,1.5385362924637196,0.93878081439308,0.6002304066464114
29,Llama.png,40,100,resnet152,-0.4804213757555229,0,1.5385362924637196,0.93878081439308,0.6002304066464114
30,Llama.png,40,100,resnet152,1.4215296912995337,0,1.5385362924637196,0.93878081439308,0.6002304066464114
31,Llama.png,40,100,resnet152,0.7596101601938452,0,1.5385362924637196,0.93878081439308,0.6002304066464114
32,Llama.png,40,100,resnet152,3.5347206189822216,0,1.5385362924637196,0.93878081439308,0.6002304066464114
33,Llama.png,40,100,resnet152,-0.20048838505527566,0,1.5385362924637196,0.93878081439308,0.6002304066464114
34,Llama.png,40,100,resnet152,0.3413916410543063,0,1.5385362924637196,0.93878081439308,0.6002304066464114
35,Llama.png,40,100,resnet152,0.4132119705343138,0,1.5385362924637196,0.93878081439308,0.6002304066464114
0,Llama.png,40,100,resnet152,-0.5680951591334393,mean,1.5385362905374338,1.0210674288408579,0.5518585492825916
1,Llama.png,40,100,resnet152,-0.36922295284390216,mean,1.5385362905374338,1.0210674288408579,0.5518585492825916
2,Llama.png,40,100,resnet152,-0.25172704172471994,mean,1.5385362905374338,1.0210674288408579,0.5518585492825916
3,Llama.png,40,100,resnet152,-0.7632421272704879,mean,1.5385362905374338,1.0210674288408579,0.5518585492825916
4,Llama.png,40,100,resnet152,-0.7845428757783024,mean,1.5385362905374338,1.0210674288408579,0.5518585492825916
5,Llama.png,40,100,resnet152,-0.4376396389058179,mean,1.5385362905374338,1.0210674288408579,0.5518585492825916
6,Llama.png,40,100,resnet152,3.4489783184447775,mean,1.5385362905374338,1.0210674288408579,0.5518585492825916
7,Llama.png,40,100,resnet152,-0.6880999688841349,mean,1.5385362905374338,1.0210674288408579,0.5518585492825916
8,Llama.png,40,100,resnet152,-1.0067797980999131,mean,1.5385362905374338,1.0210674288408579,0.5518585492825916
9,Llama.png,40,100,resnet152,-0.9271104815690245,mean,1.5385362905374338,1.0210674288408579,0.5518585492825916
10,Llama.png,40,100,resnet152,-0.7799965701067544,mean,1.5385362905374338,1.0210674288408579,0.5518585492825916
11,Llama.png,40,100,resnet152,-0.4883387622328117,mean,1.5385362905374338,1.0210674288408579,0.5518585492825916
12,Llama.png,40,100,resnet152,-1.0176266515017138,mean,1.5385362905374338,1.0210674288408579,0.5518585492825916
13,Llama.png,40,100,resnet152,-0.10278501036312804,mean,1.5385362905374338,1.0210674288408579,0.5518585492825916
14,Llama.png,40,100,resnet152,1.069157781236306,mean,1.5385362905374338,1.0210674288408579,0.5518585492825916
15,Llama.png,40,100,resnet152,-1.0821789306597527,mean,1.5385362905374338,1.0210674288408579,0.5518585492825916
16,Llama.png,40,100,resnet152,-0.14874240679975337,mean,1.5385362905374338,1.0210674288408579,0.5518585492825916
17,Llama.png,40,100,resnet152,-0.28257658197476987,mean,1.5385362905374338,1.0210674288408579,0.5518585492825916
18,Llama.png,40,100,resnet152,-1.1089444609011894,mean,1.5385362905374338,1.0210674288408579,0.5518585492825916
19,Llama.png,40,100,resnet152,2.5449598133789038,mean,1.5385362905374338,1.0210674288408579,0.5518585492825916
20,Llama.png,40,100,resnet152,-0.1461804509238882,mean,1.5385362905374338,1.0210674288408579,0.5518585492825916
21,Llama.png,40,100,resnet152,1.172611139768983,mean,1.5385362905374338,1.0210674288408579,0.5518585492825916
22,Llama.png,40,100,resnet152,-0.5490005971121144,mean,1.5385362905374338,1.0210674288408579,0.5518585492825916
23,Llama.png,40,100,resnet152,2.47123536058814,mean,1.5385362905374338,1.0210674288408579,0.5518585492825916
24,Llama.png,40,100,resnet152,2.2873342901017066,mean,1.5385362905374338,1.0210674288408579,0.5518585492825916
25,Llama.png,40,100,resnet152,-0.10489424544239156,mean,1.5385362905374338,1.0210674288408579,0.5518585492825916
26,Llama.png,40,100,resnet152,0.9913592778877058,mean,1.5385362905374338,1.0210674288408579,0.5518585492825916
27,Llama.png,40,100,resnet152,0.03914182625380258,mean,1.5385362905374338,1.0210674288408579,0.5518585492825916
28,Llama.png,40,100,resnet152,-0.34307570964123046,mean,1.5385362905374338,1.0210674288408579,0.5518585492825916
29,Llama.png,40,100,resnet152,-0.32596854973499,mean,1.5385362905374338,1.0210674288408579,0.5518585492825916
30,Llama.png,40,100,resnet152,1.3214167659942717,mean,1.5385362905374338,1.0210674288408579,0.5518585492825916
31,Llama.png,40,100,resnet152,0.6164572515777595,mean,1.5385362905374338,1.0210674288408579,0.5518585492825916
32,Llama.png,40,100,resnet152,3.1528331011678943,mean,1.5385362905374338,1.0210674288408579,0.5518585492825916
33,Llama.png,40,100,resnet152,-0.08646211962428696,mean,1.5385362905374338,1.0210674288408579,0.5518585492825916
34,Llama.png,40,100,resnet152,0.2717165002152906,mean,1.5385362905374338,1.0210674288408579,0.5518585492825916
35,Llama.png,40,100,resnet152,1.4189681508184346,mean,1.5385362905374338,1.0210674288408579,0.5518585492825916
0,Llama.png,40,1000,resnet152,-0.7919856409353527,0,1.5385362916725276,0.9445505043420185,0.5965639606183166
1,Llama.png,40,1000,resnet152,-0.44854401425225365,0,1.5385362916725276,0.9445505043420185,0.5965639606183166
2,Llama.png,40,1000,resnet152,-0.22612590016197442,0,1.5385362916725276,0.9445505043420185,0.5965639606183166
3,Llama.png,40,1000,resnet152,-0.17598609121229414,0,1.5385362916725276,0.9445505043420185,0.5965639606183166
4,Llama.png,40,1000,resnet152,-0.676634300636278,0,1.5385362916725276,0.9445505043420185,0.5965639606183166
5,Llama.png,40,1000,resnet152,-0.5289818336974212,0,1.5385362916725276,0.9445505043420185,0.5965639606183166
6,Llama.png,40,1000,resnet152,-0.3781103405897004,0,1.5385362916725276,0.9445505043420185,0.5965639606183166
7,Llama.png,40,1000,resnet152,0.5367790646104633,0,1.5385362916725276,0.9445505043420185,0.5965639606183166
8,Llama.png,40,1000,resnet152,-1.3609180750424583,0,1.5385362916725276,0.9445505043420185,0.5965639606183166
9,Llama.png,40,1000,resnet152,-0.607580430333793,0,1.5385362916725276,0.9445505043420185,0.5965639606183166
10,Llama.png,40,1000,resnet152,-0.7889515735992312,0,1.5385362916725276,0.9445505043420185,0.5965639606183166
11,Llama.png,40,1000,resnet152,-0.5044065584249511,0,1.5385362916725276,0.9445505043420185,0.5965639606183166
12,Llama.png,40,1000,resnet152,-0.4603746464431673,0,1.5385362916725276,0.9445505043420185,0.5965639606183166
13,Llama.png,40,1000,resnet152,0.12756481463187708,0,1.5385362916725276,0.9445505043420185,0.5965639606183166
14,Llama.png,40,1000,resnet152,3.199994515721704,0,1.5385362916725276,0.9445505043420185,0.5965639606183166
15,Llama.png,40,1000,resnet152,-0.9979052021857564,0,1.5385362916725276,0.9445505043420185,0.5965639606183166
16,Llama.png,40,1000,resnet152,-0.8551166975996782,0,1.5385362916725276,0.9445505043420185,0.5965639606183166
17,Llama.png,40,1000,resnet152,-0.520553867507827,0,1.5385362916725276,0.9445505043420185,0.5965639606183166
18,Llama.png,40,1000,resnet152,-0.11578998437004895,0,1.5385362916725276,0.9445505043420185,0.5965639606183166
19,Llama.png,40,1000,resnet152,0.31897113557664225,0,1.5385362916725276,0.9445505043420185,0.5965639606183166
20,Llama.png,40,1000,resnet152,0.9532029550241994,0,1.5385362916725276,0.9445505043420185,0.5965639606183166
21,Llama.png,40,1000,resnet152,1.055781208192395,0,1.5385362916725276,0.9445505043420185,0.5965639606183166
22,Llama.png,40,1000,resnet152,2.0790608742005956,0,1.5385362916725276,0.9445505043420185,0.5965639606183166
23,Llama.png,40,1000,resnet152,1.3039298109458197,0,1.5385362916725276,0.9445505043420185,0.5965639606183166
24,Llama.png,40,1000,resnet152,-0.47700594659632767,0,1.5385362916725276,0.9445505043420185,0.5965639606183166
25,Llama.png,40,1000,resnet152,-0.48368983053267467,0,1.5385362916725276,0.9445505043420185,0.5965639606183166
26,Llama.png,40,1000,resnet152,-0.12282043978377466,0,1.5385362916725276,0.9445505043420185,0.5965639606183166
27,Llama.png,40,1000,resnet152,-0.32893442880340107,0,1.5385362916725276,0.9445505043420185,0.5965639606183166
28,Llama.png,40,1000,resnet152,-0.8055232017828926,0,1.5385362916725276,0.9445505043420185,0.5965639606183166
29,Llama.png,40,1000,resnet152,1.499237855042258,0,1.5385362916725276,0.9445505043420185,0.5965639606183166
30,Llama.png,40,1000,resnet152,1.3537906832875772,0,1.5385362916725276,0.9445505043420185,0.5965639606183166
31,Llama.png,40,1000,resnet152,2.120722717872595,0,1.5385362916725276,0.9445505043420185,0.5965639606183166
32,Llama.png,40,1000,resnet152,0.8619560710352849,0,1.5385362916725276,0.9445505043420185,0.5965639606183166
33,Llama.png,40,1000,resnet152,0.7072030371862592,0,1.5385362916725276,0.9445505043420185,0.5965639606183166
34,Llama.png,40,1000,resnet152,3.2432239545810084,0,1.5385362916725276,0.9445505043420185,0.5965639606183166
35,Llama.png,40,1000,resnet152,0.29469610451918493,0,1.5385362916725276,0.9445505043420185,0.5965639606183166
0,Llama.png,40,1000,resnet152,-1.130171164799413,mean,1.5385362921822718,1.0250869379955356,0.5496946347768342
1,Llama.png,40,1000,resnet152,0.22488622980963013,mean,1.5385362921822718,1.0250869379955356,0.5496946347768342
2,Llama.png,40,1000,resnet152,0.47676032903085197,mean,1.5385362921822718,1.0250869379955356,0.5496946347768342
3,Llama.png,40,1000,resnet152,-1.0936680769105322,mean,1.5385362921822718,1.0250869379955356,0.5496946347768342
4,Llama.png,40,1000,resnet152,-1.1091383139438076,mean,1.5385362921822718,1.0250869379955356,0.5496946347768342
5,Llama.png,40,1000,resnet152,-0.443471282957133,mean,1.5385362921822718,1.0250869379955356,0.5496946347768342
6,Llama.png,40,1000,resnet152,-0.5617227054676004,mean,1.5385362921822718,1.0250869379955356,0.5496946347768342
7,Llama.png,40,1000,resnet152,-0.09610811488900328,mean,1.5385362921822718,1.0250869379955356,0.5496946347768342
8,Llama.png,40,1000,resnet152,-1.399878614410289,mean,1.5385362921822718,1.0250869379955356,0.5496946347768342
9,Llama.png,40,1000,resnet152,-0.8152677059896587,mean,1.5385362921822718,1.0250869379955356,0.5496946347768342
10,Llama.png,40,1000,resnet152,-1.3197481692194826,mean,1.5385362921822718,1.0250869379955356,0.5496946347768342
11,Llama.png,40,1000,resnet152,-0.7308146972509135,mean,1.5385362921822718,1.0250869379955356,0.5496946347768342
12,Llama.png,40,1000,resnet152,-0.5328994227381338,mean,1.5385362921822718,1.0250869379955356,0.5496946347768342
13,Llama.png,40,1000,resnet152,-0.42429403332960236,mean,1.5385362921822718,1.0250869379955356,0.5496946347768342
14,Llama.png,40,1000,resnet152,4.068717838741252,mean,1.5385362921822718,1.0250869379955356,0.5496946347768342
15,Llama.png,40,1000,resnet152,-1.253397968635892,mean,1.5385362921822718,1.0250869379955356,0.5496946347768342
16,Llama.png,40,1000,resnet152,-1.3545381045674216,mean,1.5385362921822718,1.0250869379955356,0.5496946347768342
17,Llama.png,40,1000,resnet152,-0.8260154702982065,mean,1.5385362921822718,1.0250869379955356,0.5496946347768342
18,Llama.png,40,1000,resnet152,-0.8534165093600694,mean,1.5385362921822718,1.0250869379955356,0.5496946347768342
19,Llama.png,40,1000,resnet152,1.1118804479813256,mean,1.5385362921822718,1.0250869379955356,0.5496946347768342
20,Llama.png,40,1000,resnet152,0.71113773590278,mean,1.5385362921822718,1.0250869379955356,0.5496946347768342
21,Llama.png,40,1000,resnet152,2.289018431898488,mean,1.5385362921822718,1.0250869379955356,0.5496946347768342
22,Llama.png,40,1000,resnet152,1.4662471971199205,mean,1.5385362921822718,1.0250869379955356,0.5496946347768342
23,Llama.png,40,1000,resnet152,0.5764860606673867,mean,1.5385362921822718,1.0250869379955356,0.5496946347768342
24,Llama.png,40,1000,resnet152,-0.11680460330615805,mean,1.5385362921822718,1.0250869379955356,0.5496946347768342
25,Llama.png,40,1000,resnet152,-0.5963781165641509,mean,1.5385362921822718,1.0250869379955356,0.5496946347768342
26,Llama.png,40,1000,resnet152,-0.3444966869785828,mean,1.5385362921822718,1.0250869379955356,0.5496946347768342
27,Llama.png,40,1000,resnet152,0.9004079264715714,mean,1.5385362921822718,1.0250869379955356,0.5496946347768342
28,Llama.png,40,1000,resnet152,-0.48394275777033435,mean,1.5385362921822718,1.0250869379955356,0.5496946347768342
29,Llama.png,40,1000,resnet152,1.4368630089213854,mean,1.5385362921822718,1.0250869379955356,0.5496946347768342
30,Llama.png,40,1000,resnet152,0.7609847550730064,mean,1.5385362921822718,1.0250869379955356,0.5496946347768342
31,Llama.png,40,1000,resnet152,2.782308468295498,mean,1.5385362921822718,1.0250869379955356,0.5496946347768342
32,Llama.png,40,1000,resnet152,1.4115525076478472,mean,1.5385362921822718,1.0250869379955356,0.5496946347768342
33,Llama.png,40,1000,resnet152,0.930928594884771,mean,1.5385362921822718,1.0250869379955356,0.5496946347768342
34,Llama.png,40,1000,resnet152,2.950424824561366,mean,1.5385362921822718,1.0250869379955356,0.5496946347768342
35,Llama.png,40,1000,resnet152,1.20634160692448,mean,1.5385362921822718,1.0250869379955356,0.5496946347768342
0,Llama.png,50,10,resnet152,0.4893364823348163,0,1.538536285527444,0.9769700327424247,0.5767677320762046
1,Llama.png,50,10,resnet152,-0.5484787217697171,0,1.538536285527444,0.9769700327424247,0.5767677320762046
2,Llama.png,50,10,resnet152,0.2442969926282963,0,1.538536285527444,0.9769700327424247,0.5767677320762046
3,Llama.png,50,10,resnet152,0.32589645343333107,0,1.538536285527444,0.9769700327424247,0.5767677320762046
4,Llama.png,50,10,resnet152,0.33318048880351636,0,1.538536285527444,0.9769700327424247,0.5767677320762046
5,Llama.png,50,10,resnet152,-0.47429248521961487,0,1.538536285527444,0.9769700327424247,0.5767677320762046
6,Llama.png,50,10,resnet152,0.5265181206645417,0,1.538536285527444,0.9769700327424247,0.5767677320762046
7,Llama.png,50,10,resnet152,-0.45848768389086736,0,1.538536285527444,0.9769700327424247,0.5767677320762046
8,Llama.png,50,10,resnet152,0.10001560429418577,0,1.538536285527444,0.9769700327424247,0.5767677320762046
9,Llama.png,50,10,resnet152,0.026287898897932482,0,1.538536285527444,0.9769700327424247,0.5767677320762046
10,Llama.png,50,10,resnet152,1.029890417007974,0,1.538536285527444,0.9769700327424247,0.5767677320762046
11,Llama.png,50,10,resnet152,4.355047625660326,0,1.538536285527444,0.9769700327424247,0.5767677320762046
12,Llama.png,50,10,resnet152,0.5822014732640635,0,1.538536285527444,0.9769700327424247,0.5767677320762046
13,Llama.png,50,10,resnet152,0.11834712497260869,0,1.538536285527444,0.9769700327424247,0.5767677320762046
14,Llama.png,50,10,resnet152,0.8992256913881347,0,1.538536285527444,0.9769700327424247,0.5767677320762046
15,Llama.png,50,10,resnet152,-0.011176501604403644,0,1.538536285527444,0.9769700327424247,0.5767677320762046
16,Llama.png,50,10,resnet152,-0.16623635298046802,0,1.538536285527444,0.9769700327424247,0.5767677320762046
17,Llama.png,50,10,resnet152,0.8022797675011848,0,1.538536285527444,0.9769700327424247,0.5767677320762046
18,Llama.png,50,10,resnet152,-0.9042588892356633,0,1.538536285527444,0.9769700327424247,0.5767677320762046
19,Llama.png,50,10,resnet152,0.746476640579333,0,1.538536285527444,0.9769700327424247,0.5767677320762046
20,Llama.png,50,10,resnet152,-0.43994748050606036,0,1.538536285527444,0.9769700327424247,0.5767677320762046
21,Llama.png,50,10,resnet152,0.654523640991584,0,1.538536285527444,0.9769700327424247,0.5767677320762046
22,Llama.png,50,10,resnet152,-2.2148005605673156,0,1.538536285527444,0.9769700327424247,0.5767677320762046
23,Llama.png,50,10,resnet152,-0.7677117672072642,0,1.538536285527444,0.9769700327424247,0.5767677320762046
24,Llama.png,50,10,resnet152,2.4781446662294937,0,1.538536285527444,0.9769700327424247,0.5767677320762046
25,Llama.png,50,10,resnet152,-0.17955420206750583,0,1.538536285527444,0.9769700327424247,0.5767677320762046
26,Llama.png,50,10,resnet152,0.14988432944321772,0,1.538536285527444,0.9769700327424247,0.5767677320762046
27,Llama.png,50,10,resnet152,-1.6107325730503663,0,1.538536285527444,0.9769700327424247,0.5767677320762046
28,Llama.png,50,10,resnet152,0.6123356918786023,0,1.538536285527444,0.9769700327424247,0.5767677320762046
29,Llama.png,50,10,resnet152,0.5031410958285387,0,1.538536285527444,0.9769700327424247,0.5767677320762046
30,Llama.png,50,10,resnet152,-0.8566891396707383,0,1.538536285527444,0.9769700327424247,0.5767677320762046
31,Llama.png,50,10,resnet152,-0.3241583220734441,0,1.538536285527444,0.9769700327424247,0.5767677320762046
32,Llama.png,50,10,resnet152,-0.13485506952675763,0,1.538536285527444,0.9769700327424247,0.5767677320762046
33,Llama.png,50,10,resnet152,-0.38746839763340546,0,1.538536285527444,0.9769700327424247,0.5767677320762046
34,Llama.png,50,10,resnet152,0.574573584217613,0,1.538536285527444,0.9769700327424247,0.5767677320762046
35,Llama.png,50,10,resnet152,0.6641232473392567,0,1.538536285527444,0.9769700327424247,0.5767677320762046
36,Llama.png,50,10,resnet152,-0.6392435536159007,0,1.538536285527444,0.9769700327424247,0.5767677320762046
37,Llama.png,50,10,resnet152,-0.39649693247193074,0,1.538536285527444,0.9769700327424247,0.5767677320762046
38,Llama.png,50,10,resnet152,1.126061816950271,0,1.538536285527444,0.9769700327424247,0.5767677320762046
39,Llama.png,50,10,resnet152,0.7445403915845521,0,1.538536285527444,0.9769700327424247,0.5767677320762046
40,Llama.png,50,10,resnet152,0.7544857675188874,0,1.538536285527444,0.9769700327424247,0.5767677320762046
41,Llama.png,50,10,resnet152,0.08862647919204347,0,1.538536285527444,0.9769700327424247,0.5767677320762046
42,Llama.png,50,10,resnet152,0.2190917186902972,0,1.538536285527444,0.9769700327424247,0.5767677320762046
0,Llama.png,50,10,resnet152,-0.3584648791846199,mean,1.5385362855367273,1.3674264928932578,0.412076841439245
1,Llama.png,50,10,resnet152,-0.023484750260832854,mean,1.5385362855367273,1.3674264928932578,0.412076841439245
2,Llama.png,50,10,resnet152,0.07126009112046816,mean,1.5385362855367273,1.3674264928932578,0.412076841439245
3,Llama.png,50,10,resnet152,0.28344749602165686,mean,1.5385362855367273,1.3674264928932578,0.412076841439245
4,Llama.png,50,10,resnet152,-0.28144291878718297,mean,1.5385362855367273,1.3674264928932578,0.412076841439245
5,Llama.png,50,10,resnet152,-0.514030893920645,mean,1.5385362855367273,1.3674264928932578,0.412076841439245
6,Llama.png,50,10,resnet152,-0.5748355757229007,mean,1.5385362855367273,1.3674264928932578,0.412076841439245
7,Llama.png,50,10,resnet152,-0.14250886969449938,mean,1.5385362855367273,1.3674264928932578,0.412076841439245
8,Llama.png,50,10,resnet152,5.778034190228608,mean,1.5385362855367273,1.3674264928932578,0.412076841439245
9,Llama.png,50,10,resnet152,-0.7129698791561729,mean,1.5385362855367273,1.3674264928932578,0.412076841439245
10,Llama.png,50,10,resnet152,-0.1052108467266164,mean,1.5385362855367273,1.3674264928932578,0.412076841439245
11,Llama.png,50,10,resnet152,7.0765983679066,mean,1.5385362855367273,1.3674264928932578,0.412076841439245
12,Llama.png,50,10,resnet152,0.004718893230464705,mean,1.5385362855367273,1.3674264928932578,0.412076841439245
13,Llama.png,50,10,resnet152,-0.5548152636914123,mean,1.5385362855367273,1.3674264928932578,0.412076841439245
14,Llama.png,50,10,resnet152,-0.3292842065456316,mean,1.5385362855367273,1.3674264928932578,0.412076841439245
15,Llama.png,50,10,resnet152,-0.35363287797520027,mean,1.5385362855367273,1.3674264928932578,0.412076841439245
16,Llama.png,50,10,resnet152,-0.29964123366664097,mean,1.5385362855367273,1.3674264928932578,0.412076841439245
17,Llama.png,50,10,resnet152,-0.5151197583893552,mean,1.5385362855367273,1.3674264928932578,0.412076841439245
18,Llama.png,50,10,resnet152,0.031151770134965062,mean,1.5385362855367273,1.3674264928932578,0.412076841439245
19,Llama.png,50,10,resnet152,-0.7702704167953698,mean,1.5385362855367273,1.3674264928932578,0.412076841439245
20,Llama.png,50,10,resnet152,-1.2588972562818586,mean,1.5385362855367273,1.3674264928932578,0.412076841439245
21,Llama.png,50,10,resnet152,-0.6042646527578981,mean,1.5385362855367273,1.3674264928932578,0.412076841439245
22,Llama.png,50,10,resnet152,-0.834775842014106,mean,1.5385362855367273,1.3674264928932578,0.412076841439245
23,Llama.png,50,10,resnet152,-1.0650350834860225,mean,1.5385362855367273,1.3674264928932578,0.412076841439245
24,Llama.png,50,10,resnet152,1.1346489954375163,mean,1.5385362855367273,1.3674264928932578,0.412076841439245
25,Llama.png,50,10,resnet152,-0.5792627428383161,mean,1.5385362855367273,1.3674264928932578,0.412076841439245
26,Llama.png,50,10,resnet152,-0.8496094624388864,mean,1.5385362855367273,1.3674264928932578,0.412076841439245
27,Llama.png,50,10,resnet152,2.2084492414167585,mean,1.5385362855367273,1.3674264928932578,0.412076841439245
28,Llama.png,50,10,resnet152,-1.2392036558644213,mean,1.5385362855367273,1.3674264928932578,0.412076841439245
29,Llama.png,50,10,resnet152,-0.43051973102197394,mean,1.5385362855367273,1.3674264928932578,0.412076841439245
30,Llama.png,50,10,resnet152,-1.137032723132533,mean,1.5385362855367273,1.3674264928932578,0.412076841439245
31,Llama.png,50,10,resnet152,-0.5462949430708113,mean,1.5385362855367273,1.3674264928932578,0.412076841439245
32,Llama.png,50,10,resnet152,0.5118462923007643,mean,1.5385362855367273,1.3674264928932578,0.412076841439245
33,Llama.png,50,10,resnet152,0.11409844382898138,mean,1.5385362855367273,1.3674264928932578,0.412076841439245
34,Llama.png,50,10,resnet152,5.57234698196719,mean,1.5385362855367273,1.3674264928932578,0.412076841439245
35,Llama.png,50,10,resnet152,1.2794835436769416,mean,1.5385362855367273,1.3674264928932578,0.412076841439245
36,Llama.png,50,10,resnet152,-1.255383962187671,mean,1.5385362855367273,1.3674264928932578,0.412076841439245
37,Llama.png,50,10,resnet152,0.2674158392092787,mean,1.5385362855367273,1.3674264928932578,0.412076841439245
38,Llama.png,50,10,resnet152,0.9283555640044021,mean,1.5385362855367273,1.3674264928932578,0.412076841439245
39,Llama.png,50,10,resnet152,-0.6200670309697265,mean,1.5385362855367273,1.3674264928932578,0.412076841439245
40,Llama.png,50,10,resnet152,0.5161508809387394,mean,1.5385362855367273,1.3674264928932578,0.412076841439245
41,Llama.png,50,10,resnet152,-0.32855453371479326,mean,1.5385362855367273,1.3674264928932578,0.412076841439245
42,Llama.png,50,10,resnet152,-0.9429436631562789,mean,1.5385362855367273,1.3674264928932578,0.412076841439245
0,Llama.png,50,100,resnet152,-0.8194793785426593,0,1.5385362854867513,1.0404095828650775,0.5415990004059776
1,Llama.png,50,100,resnet152,-0.27487052019057634,0,1.5385362854867513,1.0404095828650775,0.5415990004059776
2,Llama.png,50,100,resnet152,0.26900842518035306,0,1.5385362854867513,1.0404095828650775,0.5415990004059776
3,Llama.png,50,100,resnet152,0.09816832428896793,0,1.5385362854867513,1.0404095828650775,0.5415990004059776
4,Llama.png,50,100,resnet152,-0.1499201813809119,0,1.5385362854867513,1.0404095828650775,0.5415990004059776
5,Llama.png,50,100,resnet152,-0.37229379488276093,0,1.5385362854867513,1.0404095828650775,0.5415990004059776
6,Llama.png,50,100,resnet152,-0.3636872918622127,0,1.5385362854867513,1.0404095828650775,0.5415990004059776
7,Llama.png,50,100,resnet152,4.8731535507065065,0,1.5385362854867513,1.0404095828650775,0.5415990004059776
8,Llama.png,50,100,resnet152,-0.019580152496663228,0,1.5385362854867513,1.0404095828650775,0.5415990004059776
9,Llama.png,50,100,resnet152,-0.19262756882688636,0,1.5385362854867513,1.0404095828650775,0.5415990004059776
10,Llama.png,50,100,resnet152,-0.38298368360859003,0,1.5385362854867513,1.0404095828650775,0.5415990004059776
11,Llama.png,50,100,resnet152,-0.17252300810207677,0,1.5385362854867513,1.0404095828650775,0.5415990004059776
12,Llama.png,50,100,resnet152,-0.5942977546633603,0,1.5385362854867513,1.0404095828650775,0.5415990004059776
13,Llama.png,50,100,resnet152,-0.45903180054516657,0,1.5385362854867513,1.0404095828650775,0.5415990004059776
14,Llama.png,50,100,resnet152,-0.44493177095351344,0,1.5385362854867513,1.0404095828650775,0.5415990004059776
15,Llama.png,50,100,resnet152,2.362708703636887,0,1.5385362854867513,1.0404095828650775,0.5415990004059776
16,Llama.png,50,100,resnet152,-0.3538456159397336,0,1.5385362854867513,1.0404095828650775,0.5415990004059776
17,Llama.png,50,100,resnet152,0.30867628811823433,0,1.5385362854867513,1.0404095828650775,0.5415990004059776
18,Llama.png,50,100,resnet152,-0.6530273854876549,0,1.5385362854867513,1.0404095828650775,0.5415990004059776
19,Llama.png,50,100,resnet152,-0.44404901211495584,0,1.5385362854867513,1.0404095828650775,0.5415990004059776
20,Llama.png,50,100,resnet152,-0.4942863349849649,0,1.5385362854867513,1.0404095828650775,0.5415990004059776
21,Llama.png,50,100,resnet152,-0.9317102686624974,0,1.5385362854867513,1.0404095828650775,0.5415990004059776
22,Llama.png,50,100,resnet152,-0.40620255055436294,0,1.5385362854867513,1.0404095828650775,0.5415990004059776
23,Llama.png,50,100,resnet152,0.23831673378245544,0,1.5385362854867513,1.0404095828650775,0.5415990004059776
24,Llama.png,50,100,resnet152,2.8673507979569948,0,1.5385362854867513,1.0404095828650775,0.5415990004059776
25,Llama.png,50,100,resnet152,-0.19670097305914425,0,1.5385362854867513,1.0404095828650775,0.5415990004059776
26,Llama.png,50,100,resnet152,-0.4865320887928557,0,1.5385362854867513,1.0404095828650775,0.5415990004059776
27,Llama.png,50,100,resnet152,0.2509822536701174,0,1.5385362854867513,1.0404095828650775,0.5415990004059776
28,Llama.png,50,100,resnet152,-1.0794574743612682,0,1.5385362854867513,1.0404095828650775,0.5415990004059776
29,Llama.png,50,100,resnet152,2.021022963543973,0,1.5385362854867513,1.0404095828650775,0.5415990004059776
30,Llama.png,50,100,resnet152,-0.6055205262722794,0,1.5385362854867513,1.0404095828650775,0.5415990004059776
31,Llama.png,50,100,resnet152,1.1573755954898273,0,1.5385362854867513,1.0404095828650775,0.5415990004059776
32,Llama.png,50,100,resnet152,0.06507808625132228,0,1.5385362854867513,1.0404095828650775,0.5415990004059776
33,Llama.png,50,100,resnet152,0.2664198529284514,0,1.5385362854867513,1.0404095828650775,0.5415990004059776
34,Llama.png,50,100,resnet152,-0.8381224312715676,0,1.5385362854867513,1.0404095828650775,0.5415990004059776
35,Llama.png,50,100,resnet152,-0.5104351788690917,0,1.5385362854867513,1.0404095828650775,0.5415990004059776
36,Llama.png,50,100,resnet152,-0.8385958818287067,0,1.5385362854867513,1.0404095828650775,0.5415990004059776
37,Llama.png,50,100,resnet152,-0.436367454752264,0,1.5385362854867513,1.0404095828650775,0.5415990004059776
38,Llama.png,50,100,resnet152,-0.19941740677986086,0,1.5385362854867513,1.0404095828650775,0.5415990004059776
39,Llama.png,50,100,resnet152,2.352925246059206,0,1.5385362854867513,1.0404095828650775,0.5415990004059776
40,Llama.png,50,100,resnet152,-0.49580816178149245,0,1.5385362854867513,1.0404095828650775,0.5415990004059776
41,Llama.png,50,100,resnet152,0.1287022464919838,0,1.5385362854867513,1.0404095828650775,0.5415990004059776
42,Llama.png,50,100,resnet152,0.439716385254461,0,1.5385362854867513,1.0404095828650775,0.5415990004059776
43,Llama.png,50,100,resnet152,0.3756969734204434,0,1.5385362854867513,1.0404095828650775,0.5415990004059776
44,Llama.png,50,100,resnet152,-0.2873296972242412,0,1.5385362854867513,1.0404095828650775,0.5415990004059776
45,Llama.png,50,100,resnet152,0.8394423211066315,0,1.5385362854867513,1.0404095828650775,0.5415990004059776
46,Llama.png,50,100,resnet152,1.438020268438913,0,1.5385362854867513,1.0404095828650775,0.5415990004059776
47,Llama.png,50,100,resnet152,-0.41897142905050533,0,1.5385362854867513,1.0404095828650775,0.5415990004059776
48,Llama.png,50,100,resnet152,1.7981953980953782,0,1.5385362854867513,1.0404095828650775,0.5415990004059776
0,Llama.png,50,100,resnet152,-0.7018277930193793,mean,1.538536285486865,1.4278285705168385,0.39464456849224916
1,Llama.png,50,100,resnet152,-0.6821583855708591,mean,1.538536285486865,1.4278285705168385,0.39464456849224916
2,Llama.png,50,100,resnet152,0.5015718410547798,mean,1.538536285486865,1.4278285705168385,0.39464456849224916
3,Llama.png,50,100,resnet152,-0.2571280208416704,mean,1.538536285486865,1.4278285705168385,0.39464456849224916
4,Llama.png,50,100,resnet152,-0.5179937057404445,mean,1.538536285486865,1.4278285705168385,0.39464456849224916
5,Llama.png,50,100,resnet152,-0.289770095680574,mean,1.538536285486865,1.4278285705168385,0.39464456849224916
6,Llama.png,50,100,resnet152,-0.23533611090116446,mean,1.538536285486865,1.4278285705168385,0.39464456849224916
7,Llama.png,50,100,resnet152,8.15406670808672,mean,1.538536285486865,1.4278285705168385,0.39464456849224916
8,Llama.png,50,100,resnet152,-0.385105740114156,mean,1.538536285486865,1.4278285705168385,0.39464456849224916
9,Llama.png,50,100,resnet152,0.1397518548370975,mean,1.538536285486865,1.4278285705168385,0.39464456849224916
10,Llama.png,50,100,resnet152,-0.6536447993542289,mean,1.538536285486865,1.4278285705168385,0.39464456849224916
11,Llama.png,50,100,resnet152,-1.0434549722232638,mean,1.538536285486865,1.4278285705168385,0.39464456849224916
12,Llama.png,50,100,resnet152,-0.8921358880260444,mean,1.538536285486865,1.4278285705168385,0.39464456849224916
13,Llama.png,50,100,resnet152,-0.4054944362041155,mean,1.538536285486865,1.4278285705168385,0.39464456849224916
14,Llama.png,50,100,resnet152,-0.748234625793962,mean,1.538536285486865,1.4278285705168385,0.39464456849224916
15,Llama.png,50,100,resnet152,6.399055133124522,mean,1.538536285486865,1.4278285705168385,0.39464456849224916
16,Llama.png,50,100,resnet152,2.1971061029832324,mean,1.538536285486865,1.4278285705168385,0.39464456849224916
17,Llama.png,50,100,resnet152,-0.47376436648687026,mean,1.538536285486865,1.4278285705168385,0.39464456849224916
18,Llama.png,50,100,resnet152,-0.516750130595919,mean,1.538536285486865,1.4278285705168385,0.39464456849224916
19,Llama.png,50,100,resnet152,-1.2501653930749885,mean,1.538536285486865,1.4278285705168385,0.39464456849224916
20,Llama.png,50,100,resnet152,-0.462042528338372,mean,1.538536285486865,1.4278285705168385,0.39464456849224916
21,Llama.png,50,100,resnet152,-0.4953717944729652,mean,1.538536285486865,1.4278285705168385,0.39464456849224916
22,Llama.png,50,100,resnet152,-0.2558061270545804,mean,1.538536285486865,1.4278285705168385,0.39464456849224916
23,Llama.png,50,100,resnet152,-0.18569843815618015,mean,1.538536285486865,1.4278285705168385,0.39464456849224916
24,Llama.png,50,100,resnet152,4.456959610571669,mean,1.538536285486865,1.4278285705168385,0.39464456849224916
25,Llama.png,50,100,resnet152,-1.2161052907702645,mean,1.538536285486865,1.4278285705168385,0.39464456849224916
26,Llama.png,50,100,resnet152,-0.3827756288462103,mean,1.538536285486865,1.4278285705168385,0.39464456849224916
27,Llama.png,50,100,resnet152,-0.9309161042900849,mean,1.538536285486865,1.4278285705168385,0.39464456849224916
28,Llama.png,50,100,resnet152,-0.7073692301603431,mean,1.538536285486865,1.4278285705168385,0.39464456849224916
29,Llama.png,50,100,resnet152,1.4361827581064284,mean,1.538536285486865,1.4278285705168385,0.39464456849224916
30,Llama.png,50,100,resnet152,-1.0267539731416973,mean,1.538536285486865,1.4278285705168385,0.39464456849224916
31,Llama.png,50,100,resnet152,-0.4435617998957957,mean,1.538536285486865,1.4278285705168385,0.39464456849224916
32,Llama.png,50,100,resnet152,-0.41433465163788474,mean,1.538536285486865,1.4278285705168385,0.39464456849224916
33,Llama.png,50,100,resnet152,0.12651575250399905,mean,1.538536285486865,1.4278285705168385,0.39464456849224916
34,Llama.png,50,100,resnet152,-0.20850295705461175,mean,1.538536285486865,1.4278285705168385,0.39464456849224916
35,Llama.png,50,100,resnet152,-0.17073185461196028,mean,1.538536285486865,1.4278285705168385,0.39464456849224916
36,Llama.png,50,100,resnet152,-0.26230860538375733,mean,1.538536285486865,1.4278285705168385,0.39464456849224916
37,Llama.png,50,100,resnet152,0.19018099415278922,mean,1.538536285486865,1.4278285705168385,0.39464456849224916
38,Llama.png,50,100,resnet152,-0.6027016248860209,mean,1.538536285486865,1.4278285705168385,0.39464456849224916
39,Llama.png,50,100,resnet152,1.08246428646898,mean,1.538536285486865,1.4278285705168385,0.39464456849224916
40,Llama.png,50,100,resnet152,-0.9750671209797268,mean,1.538536285486865,1.4278285705168385,0.39464456849224916
41,Llama.png,50,100,resnet152,-0.016193876929116335,mean,1.538536285486865,1.4278285705168385,0.39464456849224916
42,Llama.png,50,100,resnet152,0.6162178802698994,mean,1.538536285486865,1.4278285705168385,0.39464456849224916
43,Llama.png,50,100,resnet152,1.0824306155749963,mean,1.538536285486865,1.4278285705168385,0.39464456849224916
44,Llama.png,50,100,resnet152,-0.11370305224628652,mean,1.538536285486865,1.4278285705168385,0.39464456849224916
45,Llama.png,50,100,resnet152,-0.39027713838914435,mean,1.538536285486865,1.4278285705168385,0.39464456849224916
46,Llama.png,50,100,resnet152,0.18929972386358163,mean,1.538536285486865,1.4278285705168385,0.39464456849224916
47,Llama.png,50,100,resnet152,-0.5684323852897584,mean,1.538536285486865,1.4278285705168385,0.39464456849224916
48,Llama.png,50,100,resnet152,1.0525052465685385,mean,1.538536285486865,1.4278285705168385,0.39464456849224916
0,Llama.png,50,1000,resnet152,-0.8947814930369917,0,1.538536285487341,0.9504892208793628,0.5928365916356294
1,Llama.png,50,1000,resnet152,-0.39653027855062595,0,1.538536285487341,0.9504892208793628,0.5928365916356294
2,Llama.png,50,1000,resnet152,1.2216833343348656,0,1.538536285487341,0.9504892208793628,0.5928365916356294
3,Llama.png,50,1000,resnet152,0.09908983296797613,0,1.538536285487341,0.9504892208793628,0.5928365916356294
4,Llama.png,50,1000,resnet152,-0.22522229587804787,0,1.538536285487341,0.9504892208793628,0.5928365916356294
5,Llama.png,50,1000,resnet152,-0.4475959094014632,0,1.538536285487341,0.9504892208793628,0.5928365916356294
6,Llama.png,50,1000,resnet152,-0.43898940637824424,0,1.538536285487341,0.9504892208793628,0.5928365916356294
7,Llama.png,50,1000,resnet152,-0.5004394576076425,0,1.538536285487341,0.9504892208793628,0.5928365916356294
8,Llama.png,50,1000,resnet152,-0.7563162377013812,0,1.538536285487341,0.9504892208793628,0.5928365916356294
9,Llama.png,50,1000,resnet152,3.8411615987255576,0,1.538536285487341,0.9504892208793628,0.5928365916356294
10,Llama.png,50,1000,resnet152,-0.05076955652218862,0,1.538536285487341,0.9504892208793628,0.5928365916356294
11,Llama.png,50,1000,resnet152,-0.2735974736671629,0,1.538536285487341,0.9504892208793628,0.5928365916356294
12,Llama.png,50,1000,resnet152,-0.6683850136095186,0,1.538536285487341,0.9504892208793628,0.5928365916356294
13,Llama.png,50,1000,resnet152,-0.5343339150607891,0,1.538536285487341,0.9504892208793628,0.5928365916356294
14,Llama.png,50,1000,resnet152,-0.8944834626338833,0,1.538536285487341,0.9504892208793628,0.5928365916356294
15,Llama.png,50,1000,resnet152,-0.045712687291898924,0,1.538536285487341,0.9504892208793628,0.5928365916356294
16,Llama.png,50,1000,resnet152,1.5848507222333745,0,1.538536285487341,0.9504892208793628,0.5928365916356294
17,Llama.png,50,1000,resnet152,0.9182559636565815,0,1.538536285487341,0.9504892208793628,0.5928365916356294
18,Llama.png,50,1000,resnet152,-0.43754477182781315,0,1.538536285487341,0.9504892208793628,0.5928365916356294
19,Llama.png,50,1000,resnet152,-0.008657581277074833,0,1.538536285487341,0.9504892208793628,0.5928365916356294
20,Llama.png,50,1000,resnet152,-0.5126870104710464,0,1.538536285487341,0.9504892208793628,0.5928365916356294
21,Llama.png,50,1000,resnet152,0.16140494137935368,0,1.538536285487341,0.9504892208793628,0.5928365916356294
22,Llama.png,50,1000,resnet152,0.07963729625084692,0,1.538536285487341,0.9504892208793628,0.5928365916356294
23,Llama.png,50,1000,resnet152,2.6704258926986513,0,1.538536285487341,0.9504892208793628,0.5928365916356294
24,Llama.png,50,1000,resnet152,0.6830690102112396,0,1.538536285487341,0.9504892208793628,0.5928365916356294
25,Llama.png,50,1000,resnet152,-0.6213514615415288,0,1.538536285487341,0.9504892208793628,0.5928365916356294
26,Llama.png,50,1000,resnet152,-0.6061561856389419,0,1.538536285487341,0.9504892208793628,0.5928365916356294
27,Llama.png,50,1000,resnet152,-0.591779120876478,0,1.538536285487341,0.9504892208793628,0.5928365916356294
28,Llama.png,50,1000,resnet152,0.01740246287587288,0,1.538536285487341,0.9504892208793628,0.5928365916356294
29,Llama.png,50,1000,resnet152,0.13523443814063807,0,1.538536285487341,0.9504892208793628,0.5928365916356294
30,Llama.png,50,1000,resnet152,0.5461552207157601,0,1.538536285487341,0.9504892208793628,0.5928365916356294
31,Llama.png,50,1000,resnet152,-0.9111822485775765,0,1.538536285487341,0.9504892208793628,0.5928365916356294
32,Llama.png,50,1000,resnet152,0.6125468739743654,0,1.538536285487341,0.9504892208793628,0.5928365916356294
33,Llama.png,50,1000,resnet152,0.027737940988165732,0,1.538536285487341,0.9504892208793628,0.5928365916356294
34,Llama.png,50,1000,resnet152,1.0593874138002866,0,1.538536285487341,0.9504892208793628,0.5928365916356294
35,Llama.png,50,1000,resnet152,-0.24883463221881552,0,1.538536285487341,0.9504892208793628,0.5928365916356294
36,Llama.png,50,1000,resnet152,-0.24939431029428594,0,1.538536285487341,0.9504892208793628,0.5928365916356294
37,Llama.png,50,1000,resnet152,0.21720388125421675,0,1.538536285487341,0.9504892208793628,0.5928365916356294
38,Llama.png,50,1000,resnet152,-0.6293589127652792,0,1.538536285487341,0.9504892208793628,0.5928365916356294
39,Llama.png,50,1000,resnet152,-0.43419315978966955,0,1.538536285487341,0.9504892208793628,0.5928365916356294
40,Llama.png,50,1000,resnet152,-0.6270487504595126,0,1.538536285487341,0.9504892208793628,0.5928365916356294
41,Llama.png,50,1000,resnet152,-0.2999077746573322,0,1.538536285487341,0.9504892208793628,0.5928365916356294
42,Llama.png,50,1000,resnet152,1.4235149167081376,0,1.538536285487341,0.9504892208793628,0.5928365916356294
43,Llama.png,50,1000,resnet152,1.6346952047757572,0,1.538536285487341,0.9504892208793628,0.5928365916356294
44,Llama.png,50,1000,resnet152,0.5125135294074772,0,1.538536285487341,0.9504892208793628,0.5928365916356294
45,Llama.png,50,1000,resnet152,0.1892008085267891,0,1.538536285487341,0.9504892208793628,0.5928365916356294
46,Llama.png,50,1000,resnet152,1.7609482199072064,0,1.538536285487341,0.9504892208793628,0.5928365916356294
47,Llama.png,50,1000,resnet152,1.3703056157170828,0,1.538536285487341,0.9504892208793628,0.5928365916356294
48,Llama.png,50,1000,resnet152,-0.3081204894367393,0,1.538536285487341,0.9504892208793628,0.5928365916356294
0,Llama.png,50,1000,resnet152,-1.0250196055704897,mean,1.5385362854867264,1.2845711704237632,0.438655952325827
1,Llama.png,50,1000,resnet152,-1.0247436677353647,mean,1.5385362854867264,1.2845711704237632,0.438655952325827
2,Llama.png,50,1000,resnet152,2.8782268167191587,mean,1.5385362854867264,1.2845711704237632,0.438655952325827
3,Llama.png,50,1000,resnet152,-0.731307989289856,mean,1.5385362854867264,1.2845711704237632,0.438655952325827
4,Llama.png,50,1000,resnet152,-1.2637289166202152,mean,1.5385362854867264,1.2845711704237632,0.438655952325827
5,Llama.png,50,1000,resnet152,-0.7178559015865806,mean,1.5385362854867264,1.2845711704237632,0.438655952325827
6,Llama.png,50,1000,resnet152,-0.3410335271440461,mean,1.5385362854867264,1.2845711704237632,0.438655952325827
7,Llama.png,50,1000,resnet152,-0.7178499369940852,mean,1.5385362854867264,1.2845711704237632,0.438655952325827
8,Llama.png,50,1000,resnet152,-1.277018569870119,mean,1.5385362854867264,1.2845711704237632,0.438655952325827
9,Llama.png,50,1000,resnet152,6.96808382393466,mean,1.5385362854867264,1.2845711704237632,0.438655952325827
10,Llama.png,50,1000,resnet152,-0.07747099566984605,mean,1.5385362854867264,1.2845711704237632,0.438655952325827
11,Llama.png,50,1000,resnet152,-0.9477901216322637,mean,1.5385362854867264,1.2845711704237632,0.438655952325827
12,Llama.png,50,1000,resnet152,-1.2852370474556443,mean,1.5385362854867264,1.2845711704237632,0.438655952325827
13,Llama.png,50,1000,resnet152,-0.449427331170678,mean,1.5385362854867264,1.2845711704237632,0.438655952325827
14,Llama.png,50,1000,resnet152,-0.7396803157563046,mean,1.5385362854867264,1.2845711704237632,0.438655952325827
15,Llama.png,50,1000,resnet152,-0.4827231037263102,mean,1.5385362854867264,1.2845711704237632,0.438655952325827
16,Llama.png,50,1000,resnet152,3.0121181146135667,mean,1.5385362854867264,1.2845711704237632,0.438655952325827
17,Llama.png,50,1000,resnet152,0.20333621769736432,mean,1.5385362854867264,1.2845711704237632,0.438655952325827
18,Llama.png,50,1000,resnet152,-0.9693722332393668,mean,1.5385362854867264,1.2845711704237632,0.438655952325827
19,Llama.png,50,1000,resnet152,-0.05176570601761643,mean,1.5385362854867264,1.2845711704237632,0.438655952325827
20,Llama.png,50,1000,resnet152,-0.9416828954622396,mean,1.5385362854867264,1.2845711704237632,0.438655952325827
21,Llama.png,50,1000,resnet152,-0.5485797259104617,mean,1.5385362854867264,1.2845711704237632,0.438655952325827
22,Llama.png,50,1000,resnet152,0.1565830068885301,mean,1.5385362854867264,1.2845711704237632,0.438655952325827
23,Llama.png,50,1000,resnet152,4.22199905500097,mean,1.5385362854867264,1.2845711704237632,0.438655952325827
24,Llama.png,50,1000,resnet152,1.1326506617355787,mean,1.5385362854867264,1.2845711704237632,0.438655952325827
25,Llama.png,50,1000,resnet152,-0.8798021938394314,mean,1.5385362854867264,1.2845711704237632,0.438655952325827
26,Llama.png,50,1000,resnet152,-0.20962564947822138,mean,1.5385362854867264,1.2845711704237632,0.438655952325827
27,Llama.png,50,1000,resnet152,-0.8686738857056118,mean,1.5385362854867264,1.2845711704237632,0.438655952325827
28,Llama.png,50,1000,resnet152,-0.6015944919351539,mean,1.5385362854867264,1.2845711704237632,0.438655952325827
29,Llama.png,50,1000,resnet152,-0.04270416426421475,mean,1.5385362854867264,1.2845711704237632,0.438655952325827
30,Llama.png,50,1000,resnet152,0.6072101995627865,mean,1.5385362854867264,1.2845711704237632,0.438655952325827
31,Llama.png,50,1000,resnet152,-0.32137138747484517,mean,1.5385362854867264,1.2845711704237632,0.438655952325827
32,Llama.png,50,1000,resnet152,-0.46477067171431097,mean,1.5385362854867264,1.2845711704237632,0.438655952325827
33,Llama.png,50,1000,resnet152,-0.30036149981007254,mean,1.5385362854867264,1.2845711704237632,0.438655952325827
34,Llama.png,50,1000,resnet152,2.2279154687243476,mean,1.5385362854867264,1.2845711704237632,0.438655952325827
35,Llama.png,50,1000,resnet152,-0.09058668409324877,mean,1.5385362854867264,1.2845711704237632,0.438655952325827
36,Llama.png,50,1000,resnet152,-0.38195312612624654,mean,1.5385362854867264,1.2845711704237632,0.438655952325827
37,Llama.png,50,1000,resnet152,0.5993478066176792,mean,1.5385362854867264,1.2845711704237632,0.438655952325827
38,Llama.png,50,1000,resnet152,-0.4824224038274898,mean,1.5385362854867264,1.2845711704237632,0.438655952325827
39,Llama.png,50,1000,resnet152,-0.8427167232441395,mean,1.5385362854867264,1.2845711704237632,0.438655952325827
40,Llama.png,50,1000,resnet152,-1.0893974332679432,mean,1.5385362854867264,1.2845711704237632,0.438655952325827
41,Llama.png,50,1000,resnet152,-0.8744802970193613,mean,1.5385362854867264,1.2845711704237632,0.438655952325827
42,Llama.png,50,1000,resnet152,0.7414402404936431,mean,1.5385362854867264,1.2845711704237632,0.438655952325827
43,Llama.png,50,1000,resnet152,2.5707518376230762,mean,1.5385362854867264,1.2845711704237632,0.438655952325827
44,Llama.png,50,1000,resnet152,1.7509263292420874,mean,1.5385362854867264,1.2845711704237632,0.438655952325827
45,Llama.png,50,1000,resnet152,0.46196672894754354,mean,1.5385362854867264,1.2845711704237632,0.438655952325827
46,Llama.png,50,1000,resnet152,0.9603912720615693,mean,1.5385362854867264,1.2845711704237632,0.438655952325827
47,Llama.png,50,1000,resnet152,1.0591844378891686,mean,1.5385362854867264,1.2845711704237632,0.438655952325827
48,Llama.png,50,1000,resnet152,-0.3722023001142385,mean,1.5385362854867264,1.2845711704237632,0.438655952325827
