,image,superpixels,compactness,model,shap_value,predicted,predicted_var,P(e = 0)
0,Llama.png,10,10,alexnet,3.084994060193589,[9.56814482],[1.70861939],0.2537817116512527
1,Llama.png,10,10,alexnet,-0.02075431744911921,[9.56814482],[1.70861939],0.2537817116512527
2,Llama.png,10,10,alexnet,1.906440009096272,[9.56814482],[1.70861939],0.2537817116512527
3,Llama.png,10,10,alexnet,11.16432763057129,[9.56814482],[1.70861939],0.2537817116512527
4,Llama.png,10,10,alexnet,1.7182736887539467,[9.56814482],[1.70861939],0.2537817116512527
5,Llama.png,10,10,alexnet,1.0360287858515211,[9.56814482],[1.70861939],0.2537817116512527
0,Llama.png,10,10,alexnet,2.2368010617120966,[10.56095287],[2.37152365],0.1907076205367494
1,Llama.png,10,10,alexnet,0.793516002219161,[10.56095287],[2.37152365],0.1907076205367494
2,Llama.png,10,10,alexnet,1.5018211350341804,[10.56095287],[2.37152365],0.1907076205367494
3,Llama.png,10,10,alexnet,15.967980957629624,[10.56095287],[2.37152365],0.1907076205367494
4,Llama.png,10,10,alexnet,1.7539069033709176,[10.56095287],[2.37152365],0.1907076205367494
5,Llama.png,10,10,alexnet,1.1026375122807675,[10.56095287],[2.37152365],0.1907076205367494
0,Llama.png,10,1000,alexnet,3.3211210897235737,[10.17869649],[1.33441303],0.33277755031291006
1,Llama.png,10,1000,alexnet,2.1674982959167677,[10.17869649],[1.33441303],0.33277755031291006
2,Llama.png,10,1000,alexnet,0.8357987285611128,[10.17869649],[1.33441303],0.33277755031291006
3,Llama.png,10,1000,alexnet,0.9410418827764442,[10.17869649],[1.33441303],0.33277755031291006
4,Llama.png,10,1000,alexnet,1.6857350193183325,[10.17869649],[1.33441303],0.33277755031291006
5,Llama.png,10,1000,alexnet,1.5563814442740433,[10.17869649],[1.33441303],0.33277755031291006
6,Llama.png,10,1000,alexnet,2.40031713944155,[10.17869649],[1.33441303],0.33277755031291006
7,Llama.png,10,1000,alexnet,2.847414226083477,[10.17869649],[1.33441303],0.33277755031291006
8,Llama.png,10,1000,alexnet,3.821285439836541,[10.17869649],[1.33441303],0.33277755031291006
0,Llama.png,10,1000,alexnet,2.5735055185125595,[10.31829969],[1.6106508],0.3390447614862004
1,Llama.png,10,1000,alexnet,3.56046320653225,[10.31829969],[1.6106508],0.3390447614862004
2,Llama.png,10,1000,alexnet,0.005470771157490173,[10.31829969],[1.6106508],0.3390447614862004
3,Llama.png,10,1000,alexnet,1.197186170191662,[10.31829969],[1.6106508],0.3390447614862004
4,Llama.png,10,1000,alexnet,1.6510628428855036,[10.31829969],[1.6106508],0.3390447614862004
5,Llama.png,10,1000,alexnet,0.65710661070236,[10.31829969],[1.6106508],0.3390447614862004
6,Llama.png,10,1000,alexnet,3.2540138543685417,[10.31829969],[1.6106508],0.3390447614862004
7,Llama.png,10,1000,alexnet,2.4731186088825403,[10.31829969],[1.6106508],0.3390447614862004
8,Llama.png,10,1000,alexnet,3.9413921348298473,[10.31829969],[1.6106508],0.3390447614862004
0,Llama.png,20,10,alexnet,-0.8244384099317656,[10.19709267],[1.61427106],0.34752042147158596
1,Llama.png,20,10,alexnet,1.1777321839919264,[10.19709267],[1.61427106],0.34752042147158596
2,Llama.png,20,10,alexnet,1.552741135601023,[10.19709267],[1.61427106],0.34752042147158596
3,Llama.png,20,10,alexnet,1.9884954177042409,[10.19709267],[1.61427106],0.34752042147158596
4,Llama.png,20,10,alexnet,1.7996818822942797,[10.19709267],[1.61427106],0.34752042147158596
5,Llama.png,20,10,alexnet,-0.08622358736743774,[10.19709267],[1.61427106],0.34752042147158596
6,Llama.png,20,10,alexnet,1.5705024523421791,[10.19709267],[1.61427106],0.34752042147158596
7,Llama.png,20,10,alexnet,1.3100820506466153,[10.19709267],[1.61427106],0.34752042147158596
8,Llama.png,20,10,alexnet,1.9081036737639032,[10.19709267],[1.61427106],0.34752042147158596
9,Llama.png,20,10,alexnet,1.692032133347554,[10.19709267],[1.61427106],0.34752042147158596
10,Llama.png,20,10,alexnet,5.161908446237597,[10.19709267],[1.61427106],0.34752042147158596
11,Llama.png,20,10,alexnet,1.7937041306830377,[10.19709267],[1.61427106],0.34752042147158596
0,Llama.png,20,10,alexnet,1.1114095670171653,[10.33365638],[2.16795979],0.25912207510296387
1,Llama.png,20,10,alexnet,0.1199153559509396,[10.33365638],[2.16795979],0.25912207510296387
2,Llama.png,20,10,alexnet,-0.25218480650170694,[10.33365638],[2.16795979],0.25912207510296387
3,Llama.png,20,10,alexnet,7.695625944566026,[10.33365638],[2.16795979],0.25912207510296387
4,Llama.png,20,10,alexnet,5.337662854220561,[10.33365638],[2.16795979],0.25912207510296387
5,Llama.png,20,10,alexnet,-0.02977545428731787,[10.33365638],[2.16795979],0.25912207510296387
6,Llama.png,20,10,alexnet,-0.07976681879117287,[10.33365638],[2.16795979],0.25912207510296387
7,Llama.png,20,10,alexnet,0.04039180881138815,[10.33365638],[2.16795979],0.25912207510296387
8,Llama.png,20,10,alexnet,0.16081945009198106,[10.33365638],[2.16795979],0.25912207510296387
9,Llama.png,20,10,alexnet,3.202727356845911,[10.33365638],[2.16795979],0.25912207510296387
10,Llama.png,20,10,alexnet,2.56565438048613,[10.33365638],[2.16795979],0.25912207510296387
11,Llama.png,20,10,alexnet,1.736712147212835,[10.33365638],[2.16795979],0.25912207510296387
0,Llama.png,20,1000,alexnet,0.7193395885021543,[10.29899527],[1.50629228],0.3739906720565412
1,Llama.png,20,1000,alexnet,0.7463234154428955,[10.29899527],[1.50629228],0.3739906720565412
2,Llama.png,20,1000,alexnet,0.9136811827273532,[10.29899527],[1.50629228],0.3739906720565412
3,Llama.png,20,1000,alexnet,1.4752524084034042,[10.29899527],[1.50629228],0.3739906720565412
4,Llama.png,20,1000,alexnet,0.38455878137669774,[10.29899527],[1.50629228],0.3739906720565412
5,Llama.png,20,1000,alexnet,0.20383543794796388,[10.29899527],[1.50629228],0.3739906720565412
6,Llama.png,20,1000,alexnet,-0.33895460963817303,[10.29899527],[1.50629228],0.3739906720565412
7,Llama.png,20,1000,alexnet,1.3700882171883961,[10.29899527],[1.50629228],0.3739906720565412
8,Llama.png,20,1000,alexnet,1.1611422340945388,[10.29899527],[1.50629228],0.3739906720565412
9,Llama.png,20,1000,alexnet,-0.17290598297750837,[10.29899527],[1.50629228],0.3739906720565412
10,Llama.png,20,1000,alexnet,1.2479462585586085,[10.29899527],[1.50629228],0.3739906720565412
11,Llama.png,20,1000,alexnet,1.6938937339031055,[10.29899527],[1.50629228],0.3739906720565412
12,Llama.png,20,1000,alexnet,2.918363015717331,[10.29899527],[1.50629228],0.3739906720565412
13,Llama.png,20,1000,alexnet,2.0931051585672513,[10.29899527],[1.50629228],0.3739906720565412
14,Llama.png,20,1000,alexnet,1.293753543559677,[10.29899527],[1.50629228],0.3739906720565412
15,Llama.png,20,1000,alexnet,3.3015390566587413,[10.29899527],[1.50629228],0.3739906720565412
0,Llama.png,20,1000,alexnet,-0.4125381017467733,[10.30457419],[1.81077657],0.3111137931987988
1,Llama.png,20,1000,alexnet,2.848229881546977,[10.30457419],[1.81077657],0.3111137931987988
2,Llama.png,20,1000,alexnet,-0.9417017040544806,[10.30457419],[1.81077657],0.3111137931987988
3,Llama.png,20,1000,alexnet,-0.29749806120966227,[10.30457419],[1.81077657],0.3111137931987988
4,Llama.png,20,1000,alexnet,-0.18147648433431485,[10.30457419],[1.81077657],0.3111137931987988
5,Llama.png,20,1000,alexnet,4.8265975185598595,[10.30457419],[1.81077657],0.3111137931987988
6,Llama.png,20,1000,alexnet,-0.7682523315088714,[10.30457419],[1.81077657],0.3111137931987988
7,Llama.png,20,1000,alexnet,-0.7206259707757585,[10.30457419],[1.81077657],0.3111137931987988
8,Llama.png,20,1000,alexnet,0.20643418336262753,[10.30457419],[1.81077657],0.3111137931987988
9,Llama.png,20,1000,alexnet,2.6973037336345644,[10.30457419],[1.81077657],0.3111137931987988
10,Llama.png,20,1000,alexnet,2.020962756897052,[10.30457419],[1.81077657],0.3111137931987988
11,Llama.png,20,1000,alexnet,2.190114637570222,[10.30457419],[1.81077657],0.3111137931987988
12,Llama.png,20,1000,alexnet,1.2337628648942816,[10.30457419],[1.81077657],0.3111137931987988
13,Llama.png,20,1000,alexnet,3.681814768532275,[10.30457419],[1.81077657],0.3111137931987988
14,Llama.png,20,1000,alexnet,1.5369150518424166,[10.30457419],[1.81077657],0.3111137931987988
15,Llama.png,20,1000,alexnet,2.0092362500158663,[10.30457419],[1.81077657],0.3111137931987988
0,Llama.png,30,10,alexnet,1.1477362274103893,[10.30365612],[1.55299589],0.36282652831188217
1,Llama.png,30,10,alexnet,0.5583035477320468,[10.30365612],[1.55299589],0.36282652831188217
2,Llama.png,30,10,alexnet,0.30950934455969703,[10.30365612],[1.55299589],0.36282652831188217
3,Llama.png,30,10,alexnet,0.9825576989266969,[10.30365612],[1.55299589],0.36282652831188217
4,Llama.png,30,10,alexnet,2.179039408340984,[10.30365612],[1.55299589],0.36282652831188217
5,Llama.png,30,10,alexnet,1.269056493978916,[10.30365612],[1.55299589],0.36282652831188217
6,Llama.png,30,10,alexnet,0.2677008916453154,[10.30365612],[1.55299589],0.36282652831188217
7,Llama.png,30,10,alexnet,-0.8395969141770845,[10.30365612],[1.55299589],0.36282652831188217
8,Llama.png,30,10,alexnet,-1.4525545779010507,[10.30365612],[1.55299589],0.36282652831188217
9,Llama.png,30,10,alexnet,-0.4635992403340783,[10.30365612],[1.55299589],0.36282652831188217
10,Llama.png,30,10,alexnet,0.6045754301361161,[10.30365612],[1.55299589],0.36282652831188217
11,Llama.png,30,10,alexnet,0.5009296045018008,[10.30365612],[1.55299589],0.36282652831188217
12,Llama.png,30,10,alexnet,1.066915159556241,[10.30365612],[1.55299589],0.36282652831188217
13,Llama.png,30,10,alexnet,1.3342271323116761,[10.30365612],[1.55299589],0.36282652831188217
14,Llama.png,30,10,alexnet,1.366742535774308,[10.30365612],[1.55299589],0.36282652831188217
15,Llama.png,30,10,alexnet,1.8893807511874927,[10.30365612],[1.55299589],0.36282652831188217
16,Llama.png,30,10,alexnet,2.2470440214242315,[10.30365612],[1.55299589],0.36282652831188217
17,Llama.png,30,10,alexnet,1.1559625872356105,[10.30365612],[1.55299589],0.36282652831188217
18,Llama.png,30,10,alexnet,2.6681618061726353,[10.30365612],[1.55299589],0.36282652831188217
19,Llama.png,30,10,alexnet,2.4528487594766193,[10.30365612],[1.55299589],0.36282652831188217
0,Llama.png,30,10,alexnet,-0.07251575709781566,[10.30415579],[2.14581983],0.26259103367962766
1,Llama.png,30,10,alexnet,2.1416334663732415,[10.30415579],[2.14581983],0.26259103367962766
2,Llama.png,30,10,alexnet,-0.7439480143404502,[10.30415579],[2.14581983],0.26259103367962766
3,Llama.png,30,10,alexnet,-0.5518019950937916,[10.30415579],[2.14581983],0.26259103367962766
4,Llama.png,30,10,alexnet,-0.24222234424869882,[10.30415579],[2.14581983],0.26259103367962766
5,Llama.png,30,10,alexnet,6.30332675464527,[10.30415579],[2.14581983],0.26259103367962766
6,Llama.png,30,10,alexnet,-0.21776102095166738,[10.30415579],[2.14581983],0.26259103367962766
7,Llama.png,30,10,alexnet,-0.33575705949517953,[10.30415579],[2.14581983],0.26259103367962766
8,Llama.png,30,10,alexnet,2.900629892538251,[10.30415579],[2.14581983],0.26259103367962766
9,Llama.png,30,10,alexnet,0.7645504677570472,[10.30415579],[2.14581983],0.26259103367962766
10,Llama.png,30,10,alexnet,0.4148336897177991,[10.30415579],[2.14581983],0.26259103367962766
11,Llama.png,30,10,alexnet,0.4434998746070704,[10.30415579],[2.14581983],0.26259103367962766
12,Llama.png,30,10,alexnet,6.194929076367638,[10.30415579],[2.14581983],0.26259103367962766
13,Llama.png,30,10,alexnet,0.4927508384450885,[10.30415579],[2.14581983],0.26259103367962766
14,Llama.png,30,10,alexnet,1.098150427266047,[10.30415579],[2.14581983],0.26259103367962766
15,Llama.png,30,10,alexnet,0.49906493227669646,[10.30415579],[2.14581983],0.26259103367962766
16,Llama.png,30,10,alexnet,0.6326060570023007,[10.30415579],[2.14581983],0.26259103367962766
17,Llama.png,30,10,alexnet,1.815745126835826,[10.30415579],[2.14581983],0.26259103367962766
18,Llama.png,30,10,alexnet,0.6058579324798679,[10.30415579],[2.14581983],0.26259103367962766
19,Llama.png,30,10,alexnet,-0.3860555780345649,[10.30415579],[2.14581983],0.26259103367962766
0,Llama.png,30,1000,alexnet,0.7442383192396202,[10.30398605],[1.44812351],0.38911364860998715
1,Llama.png,30,1000,alexnet,0.4577981106174418,[10.30398605],[1.44812351],0.38911364860998715
2,Llama.png,30,1000,alexnet,0.6966297846684779,[10.30398605],[1.44812351],0.38911364860998715
3,Llama.png,30,1000,alexnet,0.1612686356030859,[10.30398605],[1.44812351],0.38911364860998715
4,Llama.png,30,1000,alexnet,0.8752376014528545,[10.30398605],[1.44812351],0.38911364860998715
5,Llama.png,30,1000,alexnet,1.6543791153246445,[10.30398605],[1.44812351],0.38911364860998715
6,Llama.png,30,1000,alexnet,0.6921574841741194,[10.30398605],[1.44812351],0.38911364860998715
7,Llama.png,30,1000,alexnet,0.899004872154844,[10.30398605],[1.44812351],0.38911364860998715
8,Llama.png,30,1000,alexnet,0.9010657075461417,[10.30398605],[1.44812351],0.38911364860998715
9,Llama.png,30,1000,alexnet,1.3174485687933428,[10.30398605],[1.44812351],0.38911364860998715
10,Llama.png,30,1000,alexnet,-1.027350121664746,[10.30398605],[1.44812351],0.38911364860998715
11,Llama.png,30,1000,alexnet,-0.416123082890544,[10.30398605],[1.44812351],0.38911364860998715
12,Llama.png,30,1000,alexnet,1.5424273076516073,[10.30398605],[1.44812351],0.38911364860998715
13,Llama.png,30,1000,alexnet,0.8563967823789036,[10.30398605],[1.44812351],0.38911364860998715
14,Llama.png,30,1000,alexnet,0.04918443399361738,[10.30398605],[1.44812351],0.38911364860998715
15,Llama.png,30,1000,alexnet,-1.0428526838572854,[10.30398605],[1.44812351],0.38911364860998715
16,Llama.png,30,1000,alexnet,-0.4283928577943579,[10.30398605],[1.44812351],0.38911364860998715
17,Llama.png,30,1000,alexnet,1.303536758782113,[10.30398605],[1.44812351],0.38911364860998715
18,Llama.png,30,1000,alexnet,0.7683076040423757,[10.30398605],[1.44812351],0.38911364860998715
19,Llama.png,30,1000,alexnet,-0.14128406554028583,[10.30398605],[1.44812351],0.38911364860998715
20,Llama.png,30,1000,alexnet,1.3282004796640536,[10.30398605],[1.44812351],0.38911364860998715
21,Llama.png,30,1000,alexnet,1.4842888724702998,[10.30398605],[1.44812351],0.38911364860998715
22,Llama.png,30,1000,alexnet,2.6401865089071377,[10.30398605],[1.44812351],0.38911364860998715
23,Llama.png,30,1000,alexnet,2.4260148807302917,[10.30398605],[1.44812351],0.38911364860998715
24,Llama.png,30,1000,alexnet,0.962594478355161,[10.30398605],[1.44812351],0.38911364860998715
0,Llama.png,30,1000,alexnet,-0.21135025643157856,[10.30399484],[1.86647475],0.30189774834616984
1,Llama.png,30,1000,alexnet,-1.0216614900331065,[10.30399484],[1.86647475],0.30189774834616984
2,Llama.png,30,1000,alexnet,-0.33975324200202905,[10.30399484],[1.86647475],0.30189774834616984
3,Llama.png,30,1000,alexnet,-0.4656201904835555,[10.30399484],[1.86647475],0.30189774834616984
4,Llama.png,30,1000,alexnet,-0.1437753982436485,[10.30399484],[1.86647475],0.30189774834616984
5,Llama.png,30,1000,alexnet,3.2909040152403244,[10.30399484],[1.86647475],0.30189774834616984
6,Llama.png,30,1000,alexnet,-0.7670721847530055,[10.30399484],[1.86647475],0.30189774834616984
7,Llama.png,30,1000,alexnet,-0.33573419540295113,[10.30399484],[1.86647475],0.30189774834616984
8,Llama.png,30,1000,alexnet,1.6546162439003727,[10.30399484],[1.86647475],0.30189774834616984
9,Llama.png,30,1000,alexnet,-0.32296620853166225,[10.30399484],[1.86647475],0.30189774834616984
10,Llama.png,30,1000,alexnet,1.0592040533743052,[10.30399484],[1.86647475],0.30189774834616984
11,Llama.png,30,1000,alexnet,-0.07247027765898473,[10.30399484],[1.86647475],0.30189774834616984
12,Llama.png,30,1000,alexnet,0.3011061204074936,[10.30399484],[1.86647475],0.30189774834616984
13,Llama.png,30,1000,alexnet,0.4903936719308497,[10.30399484],[1.86647475],0.30189774834616984
14,Llama.png,30,1000,alexnet,0.5409909839232308,[10.30399484],[1.86647475],0.30189774834616984
15,Llama.png,30,1000,alexnet,1.2334660327381881,[10.30399484],[1.86647475],0.30189774834616984
16,Llama.png,30,1000,alexnet,1.2572708231622514,[10.30399484],[1.86647475],0.30189774834616984
17,Llama.png,30,1000,alexnet,4.2732313323028865,[10.30399484],[1.86647475],0.30189774834616984
18,Llama.png,30,1000,alexnet,0.6863130599848883,[10.30399484],[1.86647475],0.30189774834616984
19,Llama.png,30,1000,alexnet,2.287069560642287,[10.30399484],[1.86647475],0.30189774834616984
20,Llama.png,30,1000,alexnet,2.843042179502363,[10.30399484],[1.86647475],0.30189774834616984
21,Llama.png,30,1000,alexnet,0.906613735771792,[10.30399484],[1.86647475],0.30189774834616984
22,Llama.png,30,1000,alexnet,2.0836991764749224,[10.30399484],[1.86647475],0.30189774834616984
23,Llama.png,30,1000,alexnet,0.8734252081301692,[10.30399484],[1.86647475],0.30189774834616984
24,Llama.png,30,1000,alexnet,0.9134509113164047,[10.30399484],[1.86647475],0.30189774834616984
0,Llama.png,40,10,alexnet,0.8049642523830558,[10.30399689],[1.63485535],0.344669508202719
1,Llama.png,40,10,alexnet,0.6112339601923891,[10.30399689],[1.63485535],0.344669508202719
2,Llama.png,40,10,alexnet,0.32501683876693566,[10.30399689],[1.63485535],0.344669508202719
3,Llama.png,40,10,alexnet,0.375346036937767,[10.30399689],[1.63485535],0.344669508202719
4,Llama.png,40,10,alexnet,0.5267639603870595,[10.30399689],[1.63485535],0.344669508202719
5,Llama.png,40,10,alexnet,1.9342986476348236,[10.30399689],[1.63485535],0.344669508202719
6,Llama.png,40,10,alexnet,4.071111299140058,[10.30399689],[1.63485535],0.344669508202719
7,Llama.png,40,10,alexnet,0.2506483374036037,[10.30399689],[1.63485535],0.344669508202719
8,Llama.png,40,10,alexnet,0.5172219016690436,[10.30399689],[1.63485535],0.344669508202719
9,Llama.png,40,10,alexnet,0.8829675615834964,[10.30399689],[1.63485535],0.344669508202719
10,Llama.png,40,10,alexnet,0.6623438633992973,[10.30399689],[1.63485535],0.344669508202719
11,Llama.png,40,10,alexnet,-0.7735133637076412,[10.30399689],[1.63485535],0.344669508202719
12,Llama.png,40,10,alexnet,-2.8576745156150185,[10.30399689],[1.63485535],0.344669508202719
13,Llama.png,40,10,alexnet,-0.40557450041597676,[10.30399689],[1.63485535],0.344669508202719
14,Llama.png,40,10,alexnet,-0.6947989248715611,[10.30399689],[1.63485535],0.344669508202719
15,Llama.png,40,10,alexnet,-0.7369478268065839,[10.30399689],[1.63485535],0.344669508202719
16,Llama.png,40,10,alexnet,-0.09315415308260899,[10.30399689],[1.63485535],0.344669508202719
17,Llama.png,40,10,alexnet,-0.46276641465065893,[10.30399689],[1.63485535],0.344669508202719
18,Llama.png,40,10,alexnet,-1.1767062830742647,[10.30399689],[1.63485535],0.344669508202719
19,Llama.png,40,10,alexnet,1.5222646238986441,[10.30399689],[1.63485535],0.344669508202719
20,Llama.png,40,10,alexnet,-0.08838537246681266,[10.30399689],[1.63485535],0.344669508202719
21,Llama.png,40,10,alexnet,-0.36681866074219194,[10.30399689],[1.63485535],0.344669508202719
22,Llama.png,40,10,alexnet,1.5970532353580098,[10.30399689],[1.63485535],0.344669508202719
23,Llama.png,40,10,alexnet,0.7987188420590652,[10.30399689],[1.63485535],0.344669508202719
24,Llama.png,40,10,alexnet,0.7792422058390827,[10.30399689],[1.63485535],0.344669508202719
25,Llama.png,40,10,alexnet,1.5082627287491652,[10.30399689],[1.63485535],0.344669508202719
26,Llama.png,40,10,alexnet,0.5915258315045295,[10.30399689],[1.63485535],0.344669508202719
27,Llama.png,40,10,alexnet,1.963035222481878,[10.30399689],[1.63485535],0.344669508202719
28,Llama.png,40,10,alexnet,0.6161326669699845,[10.30399689],[1.63485535],0.344669508202719
29,Llama.png,40,10,alexnet,2.3123818113140677,[10.30399689],[1.63485535],0.344669508202719
30,Llama.png,40,10,alexnet,1.6824130716725243,[10.30399689],[1.63485535],0.344669508202719
31,Llama.png,40,10,alexnet,2.155486534076486,[10.30399689],[1.63485535],0.344669508202719
0,Llama.png,40,10,alexnet,0.05783129407041798,[10.303997],[1.8807546],0.2996056951896759
1,Llama.png,40,10,alexnet,-0.19116724154679066,[10.303997],[1.8807546],0.2996056951896759
2,Llama.png,40,10,alexnet,0.23649365161614444,[10.303997],[1.8807546],0.2996056951896759
3,Llama.png,40,10,alexnet,0.04118279835122873,[10.303997],[1.8807546],0.2996056951896759
4,Llama.png,40,10,alexnet,-0.03959849992099507,[10.303997],[1.8807546],0.2996056951896759
5,Llama.png,40,10,alexnet,-0.08436401546740946,[10.303997],[1.8807546],0.2996056951896759
6,Llama.png,40,10,alexnet,8.504908454312453,[10.303997],[1.8807546],0.2996056951896759
7,Llama.png,40,10,alexnet,-0.4664152905243917,[10.303997],[1.8807546],0.2996056951896759
8,Llama.png,40,10,alexnet,0.05103335534016207,[10.303997],[1.8807546],0.2996056951896759
9,Llama.png,40,10,alexnet,-0.2476880191755999,[10.303997],[1.8807546],0.2996056951896759
10,Llama.png,40,10,alexnet,-0.0662612094229651,[10.303997],[1.8807546],0.2996056951896759
11,Llama.png,40,10,alexnet,0.16959135114984392,[10.303997],[1.8807546],0.2996056951896759
12,Llama.png,40,10,alexnet,-0.0447668331472304,[10.303997],[1.8807546],0.2996056951896759
13,Llama.png,40,10,alexnet,-0.16076355293719669,[10.303997],[1.8807546],0.2996056951896759
14,Llama.png,40,10,alexnet,2.153340033369774,[10.303997],[1.8807546],0.2996056951896759
15,Llama.png,40,10,alexnet,0.08191321839475574,[10.303997],[1.8807546],0.2996056951896759
16,Llama.png,40,10,alexnet,0.028715583896052443,[10.303997],[1.8807546],0.2996056951896759
17,Llama.png,40,10,alexnet,-0.06323459915765994,[10.303997],[1.8807546],0.2996056951896759
18,Llama.png,40,10,alexnet,0.058630332891796755,[10.303997],[1.8807546],0.2996056951896759
19,Llama.png,40,10,alexnet,0.5228545101410704,[10.303997],[1.8807546],0.2996056951896759
20,Llama.png,40,10,alexnet,-0.3178387690425435,[10.303997],[1.8807546],0.2996056951896759
21,Llama.png,40,10,alexnet,0.01608629049498944,[10.303997],[1.8807546],0.2996056951896759
22,Llama.png,40,10,alexnet,3.236645177523701,[10.303997],[1.8807546],0.2996056951896759
23,Llama.png,40,10,alexnet,0.9058741113627327,[10.303997],[1.8807546],0.2996056951896759
24,Llama.png,40,10,alexnet,2.505269985055911,[10.303997],[1.8807546],0.2996056951896759
25,Llama.png,40,10,alexnet,0.8692573584951298,[10.303997],[1.8807546],0.2996056951896759
26,Llama.png,40,10,alexnet,0.8657339273813038,[10.303997],[1.8807546],0.2996056951896759
27,Llama.png,40,10,alexnet,0.11905502112380972,[10.303997],[1.8807546],0.2996056951896759
28,Llama.png,40,10,alexnet,0.5873110863207502,[10.303997],[1.8807546],0.2996056951896759
29,Llama.png,40,10,alexnet,0.6740733772567888,[10.303997],[1.8807546],0.2996056951896759
30,Llama.png,40,10,alexnet,-0.5493646369759437,[10.303997],[1.8807546],0.2996056951896759
31,Llama.png,40,10,alexnet,-0.2742632471102322,[10.303997],[1.8807546],0.2996056951896759
0,Llama.png,40,1000,alexnet,0.8237066380504801,[10.30399698],[1.35773236],0.41501904660786104
1,Llama.png,40,1000,alexnet,0.8232661534099472,[10.30399698],[1.35773236],0.41501904660786104
2,Llama.png,40,1000,alexnet,0.8739629803486797,[10.30399698],[1.35773236],0.41501904660786104
3,Llama.png,40,1000,alexnet,0.7081532987197772,[10.30399698],[1.35773236],0.41501904660786104
4,Llama.png,40,1000,alexnet,0.605410777460198,[10.30399698],[1.35773236],0.41501904660786104
5,Llama.png,40,1000,alexnet,0.9663058696454669,[10.30399698],[1.35773236],0.41501904660786104
6,Llama.png,40,1000,alexnet,0.915531496631925,[10.30399698],[1.35773236],0.41501904660786104
7,Llama.png,40,1000,alexnet,0.6541887492954901,[10.30399698],[1.35773236],0.41501904660786104
8,Llama.png,40,1000,alexnet,0.6128147647962998,[10.30399698],[1.35773236],0.41501904660786104
9,Llama.png,40,1000,alexnet,0.30608276946244484,[10.30399698],[1.35773236],0.41501904660786104
10,Llama.png,40,1000,alexnet,0.34375921357144534,[10.30399698],[1.35773236],0.41501904660786104
11,Llama.png,40,1000,alexnet,0.48596543032852724,[10.30399698],[1.35773236],0.41501904660786104
12,Llama.png,40,1000,alexnet,0.49209359750555004,[10.30399698],[1.35773236],0.41501904660786104
13,Llama.png,40,1000,alexnet,-0.013215592911582696,[10.30399698],[1.35773236],0.41501904660786104
14,Llama.png,40,1000,alexnet,-0.16872222033818884,[10.30399698],[1.35773236],0.41501904660786104
15,Llama.png,40,1000,alexnet,-0.08124134588337739,[10.30399698],[1.35773236],0.41501904660786104
16,Llama.png,40,1000,alexnet,0.1130609308745858,[10.30399698],[1.35773236],0.41501904660786104
17,Llama.png,40,1000,alexnet,0.8701774810168477,[10.30399698],[1.35773236],0.41501904660786104
18,Llama.png,40,1000,alexnet,0.8519367268192597,[10.30399698],[1.35773236],0.41501904660786104
19,Llama.png,40,1000,alexnet,-0.21583237747940753,[10.30399698],[1.35773236],0.41501904660786104
20,Llama.png,40,1000,alexnet,0.22375860311415874,[10.30399698],[1.35773236],0.41501904660786104
21,Llama.png,40,1000,alexnet,-0.6759606743214501,[10.30399698],[1.35773236],0.41501904660786104
22,Llama.png,40,1000,alexnet,-0.5994351384219119,[10.30399698],[1.35773236],0.41501904660786104
23,Llama.png,40,1000,alexnet,1.258006914918158,[10.30399698],[1.35773236],0.41501904660786104
24,Llama.png,40,1000,alexnet,0.777431475838759,[10.30399698],[1.35773236],0.41501904660786104
25,Llama.png,40,1000,alexnet,-0.4104174759503749,[10.30399698],[1.35773236],0.41501904660786104
26,Llama.png,40,1000,alexnet,-0.44187596380626815,[10.30399698],[1.35773236],0.41501904660786104
27,Llama.png,40,1000,alexnet,-0.24979340528862792,[10.30399698],[1.35773236],0.41501904660786104
28,Llama.png,40,1000,alexnet,0.2867523237105103,[10.30399698],[1.35773236],0.41501904660786104
29,Llama.png,40,1000,alexnet,1.2601279381437918,[10.30399698],[1.35773236],0.41501904660786104
30,Llama.png,40,1000,alexnet,0.08668580466614184,[10.30399698],[1.35773236],0.41501904660786104
31,Llama.png,40,1000,alexnet,1.5738964409937921,[10.30399698],[1.35773236],0.41501904660786104
32,Llama.png,40,1000,alexnet,0.5918706873117126,[10.30399698],[1.35773236],0.41501904660786104
33,Llama.png,40,1000,alexnet,1.7548647476269332,[10.30399698],[1.35773236],0.41501904660786104
34,Llama.png,40,1000,alexnet,1.0573363343005844,[10.30399698],[1.35773236],0.41501904660786104
35,Llama.png,40,1000,alexnet,2.079496115151196,[10.30399698],[1.35773236],0.41501904660786104
0,Llama.png,40,1000,alexnet,0.2474879559501506,[10.30399698],[1.74078829],0.32369518726466545
1,Llama.png,40,1000,alexnet,-0.04533403692844029,[10.30399698],[1.74078829],0.32369518726466545
2,Llama.png,40,1000,alexnet,0.039498305005361445,[10.30399698],[1.74078829],0.32369518726466545
3,Llama.png,40,1000,alexnet,-0.022511082027538265,[10.30399698],[1.74078829],0.32369518726466545
4,Llama.png,40,1000,alexnet,-0.18412294059120526,[10.30399698],[1.74078829],0.32369518726466545
5,Llama.png,40,1000,alexnet,0.15052469694554826,[10.30399698],[1.74078829],0.32369518726466545
6,Llama.png,40,1000,alexnet,0.16701605669324682,[10.30399698],[1.74078829],0.32369518726466545
7,Llama.png,40,1000,alexnet,0.9773424830742039,[10.30399698],[1.74078829],0.32369518726466545
8,Llama.png,40,1000,alexnet,3.9528768562163243,[10.30399698],[1.74078829],0.32369518726466545
9,Llama.png,40,1000,alexnet,-0.3072096804138047,[10.30399698],[1.74078829],0.32369518726466545
10,Llama.png,40,1000,alexnet,-0.08153326337562739,[10.30399698],[1.74078829],0.32369518726466545
11,Llama.png,40,1000,alexnet,0.1759472902893675,[10.30399698],[1.74078829],0.32369518726466545
12,Llama.png,40,1000,alexnet,0.35371336380026186,[10.30399698],[1.74078829],0.32369518726466545
13,Llama.png,40,1000,alexnet,-0.31540667869917804,[10.30399698],[1.74078829],0.32369518726466545
14,Llama.png,40,1000,alexnet,1.2951182280693465,[10.30399698],[1.74078829],0.32369518726466545
15,Llama.png,40,1000,alexnet,-0.2548447634427262,[10.30399698],[1.74078829],0.32369518726466545
16,Llama.png,40,1000,alexnet,-0.9555260948522397,[10.30399698],[1.74078829],0.32369518726466545
17,Llama.png,40,1000,alexnet,0.1854498450676214,[10.30399698],[1.74078829],0.32369518726466545
18,Llama.png,40,1000,alexnet,0.05526122318646465,[10.30399698],[1.74078829],0.32369518726466545
19,Llama.png,40,1000,alexnet,0.09694862741010724,[10.30399698],[1.74078829],0.32369518726466545
20,Llama.png,40,1000,alexnet,1.5599808766551906,[10.30399698],[1.74078829],0.32369518726466545
21,Llama.png,40,1000,alexnet,0.8939977981457385,[10.30399698],[1.74078829],0.32369518726466545
22,Llama.png,40,1000,alexnet,0.41392150452466314,[10.30399698],[1.74078829],0.32369518726466545
23,Llama.png,40,1000,alexnet,0.8301831131598281,[10.30399698],[1.74078829],0.32369518726466545
24,Llama.png,40,1000,alexnet,0.2665883000049636,[10.30399698],[1.74078829],0.32369518726466545
25,Llama.png,40,1000,alexnet,1.4549589042643216,[10.30399698],[1.74078829],0.32369518726466545
26,Llama.png,40,1000,alexnet,2.2963898885447027,[10.30399698],[1.74078829],0.32369518726466545
27,Llama.png,40,1000,alexnet,-0.15191892469209822,[10.30399698],[1.74078829],0.32369518726466545
28,Llama.png,40,1000,alexnet,-0.6445243273676446,[10.30399698],[1.74078829],0.32369518726466545
29,Llama.png,40,1000,alexnet,2.1363964972922598,[10.30399698],[1.74078829],0.32369518726466545
30,Llama.png,40,1000,alexnet,1.1260151168665589,[10.30399698],[1.74078829],0.32369518726466545
31,Llama.png,40,1000,alexnet,0.5083809484721309,[10.30399698],[1.74078829],0.32369518726466545
32,Llama.png,40,1000,alexnet,1.6017598055219446,[10.30399698],[1.74078829],0.32369518726466545
33,Llama.png,40,1000,alexnet,0.9336802399151019,[10.30399698],[1.74078829],0.32369518726466545
34,Llama.png,40,1000,alexnet,0.9877719143463057,[10.30399698],[1.74078829],0.32369518726466545
35,Llama.png,40,1000,alexnet,0.9663317275678578,[10.30399698],[1.74078829],0.32369518726466545
0,Llama.png,50,10,alexnet,1.061008625916498,[10.30399699],[1.52024068],0.37065498694217924
1,Llama.png,50,10,alexnet,0.14060655378644782,[10.30399699],[1.52024068],0.37065498694217924
2,Llama.png,50,10,alexnet,1.0030879530002625,[10.30399699],[1.52024068],0.37065498694217924
3,Llama.png,50,10,alexnet,1.3340366009961793,[10.30399699],[1.52024068],0.37065498694217924
4,Llama.png,50,10,alexnet,0.8536331113558622,[10.30399699],[1.52024068],0.37065498694217924
5,Llama.png,50,10,alexnet,0.5842391996570222,[10.30399699],[1.52024068],0.37065498694217924
6,Llama.png,50,10,alexnet,0.7561060958645096,[10.30399699],[1.52024068],0.37065498694217924
7,Llama.png,50,10,alexnet,0.3033419929041399,[10.30399699],[1.52024068],0.37065498694217924
8,Llama.png,50,10,alexnet,-0.18288569113898134,[10.30399699],[1.52024068],0.37065498694217924
9,Llama.png,50,10,alexnet,0.4880799881965885,[10.30399699],[1.52024068],0.37065498694217924
10,Llama.png,50,10,alexnet,-0.02820475787411425,[10.30399699],[1.52024068],0.37065498694217924
11,Llama.png,50,10,alexnet,1.0304840440113514,[10.30399699],[1.52024068],0.37065498694217924
12,Llama.png,50,10,alexnet,0.1920605736764358,[10.30399699],[1.52024068],0.37065498694217924
13,Llama.png,50,10,alexnet,-0.11513738293902076,[10.30399699],[1.52024068],0.37065498694217924
14,Llama.png,50,10,alexnet,-0.19239052114416388,[10.30399699],[1.52024068],0.37065498694217924
15,Llama.png,50,10,alexnet,-1.3775553838521857,[10.30399699],[1.52024068],0.37065498694217924
16,Llama.png,50,10,alexnet,1.0270251758364992,[10.30399699],[1.52024068],0.37065498694217924
17,Llama.png,50,10,alexnet,-0.9763106175455238,[10.30399699],[1.52024068],0.37065498694217924
18,Llama.png,50,10,alexnet,-0.8746683497867149,[10.30399699],[1.52024068],0.37065498694217924
19,Llama.png,50,10,alexnet,0.45268688001129886,[10.30399699],[1.52024068],0.37065498694217924
20,Llama.png,50,10,alexnet,0.6855543665366128,[10.30399699],[1.52024068],0.37065498694217924
21,Llama.png,50,10,alexnet,0.11418549343713202,[10.30399699],[1.52024068],0.37065498694217924
22,Llama.png,50,10,alexnet,0.05180172937126315,[10.30399699],[1.52024068],0.37065498694217924
23,Llama.png,50,10,alexnet,-0.12362250729882707,[10.30399699],[1.52024068],0.37065498694217924
24,Llama.png,50,10,alexnet,-1.4190108458678985,[10.30399699],[1.52024068],0.37065498694217924
25,Llama.png,50,10,alexnet,-1.190384348677684,[10.30399699],[1.52024068],0.37065498694217924
26,Llama.png,50,10,alexnet,-0.5431648008392562,[10.30399699],[1.52024068],0.37065498694217924
27,Llama.png,50,10,alexnet,0.9040097485319691,[10.30399699],[1.52024068],0.37065498694217924
28,Llama.png,50,10,alexnet,-0.008930262186086502,[10.30399699],[1.52024068],0.37065498694217924
29,Llama.png,50,10,alexnet,0.15883646910917193,[10.30399699],[1.52024068],0.37065498694217924
30,Llama.png,50,10,alexnet,0.8385031451053462,[10.30399699],[1.52024068],0.37065498694217924
31,Llama.png,50,10,alexnet,0.27274696719039015,[10.30399699],[1.52024068],0.37065498694217924
32,Llama.png,50,10,alexnet,0.5537322553144723,[10.30399699],[1.52024068],0.37065498694217924
33,Llama.png,50,10,alexnet,2.5378447894058134,[10.30399699],[1.52024068],0.37065498694217924
34,Llama.png,50,10,alexnet,1.6278606348951876,[10.30399699],[1.52024068],0.37065498694217924
35,Llama.png,50,10,alexnet,1.677709517253041,[10.30399699],[1.52024068],0.37065498694217924
36,Llama.png,50,10,alexnet,-1.4883672043403333,[10.30399699],[1.52024068],0.37065498694217924
37,Llama.png,50,10,alexnet,0.4431778877823729,[10.30399699],[1.52024068],0.37065498694217924
38,Llama.png,50,10,alexnet,1.4002202094877338,[10.30399699],[1.52024068],0.37065498694217924
39,Llama.png,50,10,alexnet,1.8966361672521606,[10.30399699],[1.52024068],0.37065498694217924
40,Llama.png,50,10,alexnet,1.73598699739029,[10.30399699],[1.52024068],0.37065498694217924
41,Llama.png,50,10,alexnet,1.3794290410012908,[10.30399699],[1.52024068],0.37065498694217924
42,Llama.png,50,10,alexnet,1.6769024984973697,[10.30399699],[1.52024068],0.37065498694217924
0,Llama.png,50,10,alexnet,0.6411558947435783,[10.30399699],[1.38954765],0.4055167093139097
1,Llama.png,50,10,alexnet,0.3802616985987344,[10.30399699],[1.38954765],0.4055167093139097
2,Llama.png,50,10,alexnet,0.38991693780460324,[10.30399699],[1.38954765],0.4055167093139097
3,Llama.png,50,10,alexnet,0.35750810388431287,[10.30399699],[1.38954765],0.4055167093139097
4,Llama.png,50,10,alexnet,0.0681194359162971,[10.30399699],[1.38954765],0.4055167093139097
5,Llama.png,50,10,alexnet,-0.17197895485553305,[10.30399699],[1.38954765],0.4055167093139097
6,Llama.png,50,10,alexnet,0.08234970240044603,[10.30399699],[1.38954765],0.4055167093139097
7,Llama.png,50,10,alexnet,-0.1282210665473773,[10.30399699],[1.38954765],0.4055167093139097
8,Llama.png,50,10,alexnet,2.4581190528994052,[10.30399699],[1.38954765],0.4055167093139097
9,Llama.png,50,10,alexnet,0.12902821904492212,[10.30399699],[1.38954765],0.4055167093139097
10,Llama.png,50,10,alexnet,0.31154520158284527,[10.30399699],[1.38954765],0.4055167093139097
11,Llama.png,50,10,alexnet,4.014068011473569,[10.30399699],[1.38954765],0.4055167093139097
12,Llama.png,50,10,alexnet,-0.015303947193376022,[10.30399699],[1.38954765],0.4055167093139097
13,Llama.png,50,10,alexnet,-0.1810041732384251,[10.30399699],[1.38954765],0.4055167093139097
14,Llama.png,50,10,alexnet,-0.24375650968397888,[10.30399699],[1.38954765],0.4055167093139097
15,Llama.png,50,10,alexnet,-0.14386583738096936,[10.30399699],[1.38954765],0.4055167093139097
16,Llama.png,50,10,alexnet,-0.066520120270396,[10.30399699],[1.38954765],0.4055167093139097
17,Llama.png,50,10,alexnet,-0.185055102772413,[10.30399699],[1.38954765],0.4055167093139097
18,Llama.png,50,10,alexnet,-0.379550445100028,[10.30399699],[1.38954765],0.4055167093139097
19,Llama.png,50,10,alexnet,-0.17463193348344852,[10.30399699],[1.38954765],0.4055167093139097
20,Llama.png,50,10,alexnet,1.3432196286181903,[10.30399699],[1.38954765],0.4055167093139097
21,Llama.png,50,10,alexnet,0.27310192704508074,[10.30399699],[1.38954765],0.4055167093139097
22,Llama.png,50,10,alexnet,-0.4738316375341656,[10.30399699],[1.38954765],0.4055167093139097
23,Llama.png,50,10,alexnet,-0.017383109121608786,[10.30399699],[1.38954765],0.4055167093139097
24,Llama.png,50,10,alexnet,0.9407514407562649,[10.30399699],[1.38954765],0.4055167093139097
25,Llama.png,50,10,alexnet,0.016946045797096243,[10.30399699],[1.38954765],0.4055167093139097
26,Llama.png,50,10,alexnet,0.45390806588922317,[10.30399699],[1.38954765],0.4055167093139097
27,Llama.png,50,10,alexnet,0.9213100878299523,[10.30399699],[1.38954765],0.4055167093139097
28,Llama.png,50,10,alexnet,-0.08278090715141317,[10.30399699],[1.38954765],0.4055167093139097
29,Llama.png,50,10,alexnet,0.5110845565407804,[10.30399699],[1.38954765],0.4055167093139097
30,Llama.png,50,10,alexnet,0.43729033039831,[10.30399699],[1.38954765],0.4055167093139097
31,Llama.png,50,10,alexnet,0.41857052276210904,[10.30399699],[1.38954765],0.4055167093139097
32,Llama.png,50,10,alexnet,0.8355631693793404,[10.30399699],[1.38954765],0.4055167093139097
33,Llama.png,50,10,alexnet,0.8070019525016958,[10.30399699],[1.38954765],0.4055167093139097
34,Llama.png,50,10,alexnet,1.0284863834824547,[10.30399699],[1.38954765],0.4055167093139097
35,Llama.png,50,10,alexnet,0.6187217624357904,[10.30399699],[1.38954765],0.4055167093139097
36,Llama.png,50,10,alexnet,-0.10158476076472933,[10.30399699],[1.38954765],0.4055167093139097
37,Llama.png,50,10,alexnet,1.200693121891013,[10.30399699],[1.38954765],0.4055167093139097
38,Llama.png,50,10,alexnet,1.4444909453946404,[10.30399699],[1.38954765],0.4055167093139097
39,Llama.png,50,10,alexnet,0.07976144604142732,[10.30399699],[1.38954765],0.4055167093139097
40,Llama.png,50,10,alexnet,0.3956726549647822,[10.30399699],[1.38954765],0.4055167093139097
41,Llama.png,50,10,alexnet,0.04531064659692641,[10.30399699],[1.38954765],0.4055167093139097
42,Llama.png,50,10,alexnet,-0.06826165781352378,[10.30399699],[1.38954765],0.4055167093139097
0,Llama.png,50,1000,alexnet,0.9039815872067067,[10.30399699],[1.39269178],0.40460121701106033
1,Llama.png,50,1000,alexnet,0.7487676495728044,[10.30399699],[1.39269178],0.40460121701106033
2,Llama.png,50,1000,alexnet,0.8558662167632036,[10.30399699],[1.39269178],0.40460121701106033
3,Llama.png,50,1000,alexnet,1.117042566092822,[10.30399699],[1.39269178],0.40460121701106033
4,Llama.png,50,1000,alexnet,1.1113844115324207,[10.30399699],[1.39269178],0.40460121701106033
5,Llama.png,50,1000,alexnet,0.9865567808888369,[10.30399699],[1.39269178],0.40460121701106033
6,Llama.png,50,1000,alexnet,1.3354151467077346,[10.30399699],[1.39269178],0.40460121701106033
7,Llama.png,50,1000,alexnet,0.5793521309255389,[10.30399699],[1.39269178],0.40460121701106033
8,Llama.png,50,1000,alexnet,0.0780772282209119,[10.30399699],[1.39269178],0.40460121701106033
9,Llama.png,50,1000,alexnet,0.6928664804250224,[10.30399699],[1.39269178],0.40460121701106033
10,Llama.png,50,1000,alexnet,0.561183413554629,[10.30399699],[1.39269178],0.40460121701106033
11,Llama.png,50,1000,alexnet,0.6538820908795553,[10.30399699],[1.39269178],0.40460121701106033
12,Llama.png,50,1000,alexnet,0.6417051183809486,[10.30399699],[1.39269178],0.40460121701106033
13,Llama.png,50,1000,alexnet,1.0799437359161561,[10.30399699],[1.39269178],0.40460121701106033
14,Llama.png,50,1000,alexnet,0.18661218241222866,[10.30399699],[1.39269178],0.40460121701106033
15,Llama.png,50,1000,alexnet,0.20540276831550663,[10.30399699],[1.39269178],0.40460121701106033
16,Llama.png,50,1000,alexnet,-0.20083808219416444,[10.30399699],[1.39269178],0.40460121701106033
17,Llama.png,50,1000,alexnet,0.06931847352511955,[10.30399699],[1.39269178],0.40460121701106033
18,Llama.png,50,1000,alexnet,0.22748651994540747,[10.30399699],[1.39269178],0.40460121701106033
19,Llama.png,50,1000,alexnet,0.33505672348572846,[10.30399699],[1.39269178],0.40460121701106033
20,Llama.png,50,1000,alexnet,1.0625487578912196,[10.30399699],[1.39269178],0.40460121701106033
21,Llama.png,50,1000,alexnet,-0.054937327024061844,[10.30399699],[1.39269178],0.40460121701106033
22,Llama.png,50,1000,alexnet,-0.4642474222142967,[10.30399699],[1.39269178],0.40460121701106033
23,Llama.png,50,1000,alexnet,-0.32648201354291473,[10.30399699],[1.39269178],0.40460121701106033
24,Llama.png,50,1000,alexnet,-0.601268801712072,[10.30399699],[1.39269178],0.40460121701106033
25,Llama.png,50,1000,alexnet,-0.0971705954788522,[10.30399699],[1.39269178],0.40460121701106033
26,Llama.png,50,1000,alexnet,0.3334205365311016,[10.30399699],[1.39269178],0.40460121701106033
27,Llama.png,50,1000,alexnet,1.1777667439406811,[10.30399699],[1.39269178],0.40460121701106033
28,Llama.png,50,1000,alexnet,0.1649144873215418,[10.30399699],[1.39269178],0.40460121701106033
29,Llama.png,50,1000,alexnet,-0.2534616805885026,[10.30399699],[1.39269178],0.40460121701106033
30,Llama.png,50,1000,alexnet,-0.5438075557706075,[10.30399699],[1.39269178],0.40460121701106033
31,Llama.png,50,1000,alexnet,-1.1040430544616626,[10.30399699],[1.39269178],0.40460121701106033
32,Llama.png,50,1000,alexnet,-0.6036472453850266,[10.30399699],[1.39269178],0.40460121701106033
33,Llama.png,50,1000,alexnet,-0.9554202789600215,[10.30399699],[1.39269178],0.40460121701106033
34,Llama.png,50,1000,alexnet,0.8933480036578461,[10.30399699],[1.39269178],0.40460121701106033
35,Llama.png,50,1000,alexnet,0.5307399467465355,[10.30399699],[1.39269178],0.40460121701106033
36,Llama.png,50,1000,alexnet,0.14163493862532128,[10.30399699],[1.39269178],0.40460121701106033
37,Llama.png,50,1000,alexnet,0.05365633843734052,[10.30399699],[1.39269178],0.40460121701106033
38,Llama.png,50,1000,alexnet,-0.023504072089989947,[10.30399699],[1.39269178],0.40460121701106033
39,Llama.png,50,1000,alexnet,-0.38857336072296,[10.30399699],[1.39269178],0.40460121701106033
40,Llama.png,50,1000,alexnet,-0.13141762721946204,[10.30399699],[1.39269178],0.40460121701106033
41,Llama.png,50,1000,alexnet,1.0575161026934148,[10.30399699],[1.39269178],0.40460121701106033
42,Llama.png,50,1000,alexnet,1.2312791595679693,[10.30399699],[1.39269178],0.40460121701106033
43,Llama.png,50,1000,alexnet,0.5125632515781722,[10.30399699],[1.39269178],0.40460121701106033
44,Llama.png,50,1000,alexnet,0.8539465826994252,[10.30399699],[1.39269178],0.40460121701106033
45,Llama.png,50,1000,alexnet,0.952502734102779,[10.30399699],[1.39269178],0.40460121701106033
46,Llama.png,50,1000,alexnet,0.6701229595348055,[10.30399699],[1.39269178],0.40460121701106033
47,Llama.png,50,1000,alexnet,0.948153457475525,[10.30399699],[1.39269178],0.40460121701106033
48,Llama.png,50,1000,alexnet,1.500557522458367,[10.30399699],[1.39269178],0.40460121701106033
0,Llama.png,50,1000,alexnet,0.4024009211396491,[10.30399699],[1.7421948],0.3234338608631264
1,Llama.png,50,1000,alexnet,0.1944195792707184,[10.30399699],[1.7421948],0.3234338608631264
2,Llama.png,50,1000,alexnet,0.5490057255205585,[10.30399699],[1.7421948],0.3234338608631264
3,Llama.png,50,1000,alexnet,0.13417084563388748,[10.30399699],[1.7421948],0.3234338608631264
4,Llama.png,50,1000,alexnet,0.09133762060758954,[10.30399699],[1.7421948],0.3234338608631264
5,Llama.png,50,1000,alexnet,0.26162419942282433,[10.30399699],[1.7421948],0.3234338608631264
6,Llama.png,50,1000,alexnet,0.5448212992619448,[10.30399699],[1.7421948],0.3234338608631264
7,Llama.png,50,1000,alexnet,0.15219205351351572,[10.30399699],[1.7421948],0.3234338608631264
8,Llama.png,50,1000,alexnet,-0.10841822527620426,[10.30399699],[1.7421948],0.3234338608631264
9,Llama.png,50,1000,alexnet,4.217455413321893,[10.30399699],[1.7421948],0.3234338608631264
10,Llama.png,50,1000,alexnet,0.3369020835895622,[10.30399699],[1.7421948],0.3234338608631264
11,Llama.png,50,1000,alexnet,-0.11374750820498747,[10.30399699],[1.7421948],0.3234338608631264
12,Llama.png,50,1000,alexnet,0.21450394893508395,[10.30399699],[1.7421948],0.3234338608631264
13,Llama.png,50,1000,alexnet,0.6046801935198394,[10.30399699],[1.7421948],0.3234338608631264
14,Llama.png,50,1000,alexnet,0.48923550013974104,[10.30399699],[1.7421948],0.3234338608631264
15,Llama.png,50,1000,alexnet,0.11571085964622796,[10.30399699],[1.7421948],0.3234338608631264
16,Llama.png,50,1000,alexnet,1.2713073390534833,[10.30399699],[1.7421948],0.3234338608631264
17,Llama.png,50,1000,alexnet,0.3103429301659606,[10.30399699],[1.7421948],0.3234338608631264
18,Llama.png,50,1000,alexnet,-0.28084139370537375,[10.30399699],[1.7421948],0.3234338608631264
19,Llama.png,50,1000,alexnet,-0.1694923106487991,[10.30399699],[1.7421948],0.3234338608631264
20,Llama.png,50,1000,alexnet,0.27551964792691397,[10.30399699],[1.7421948],0.3234338608631264
21,Llama.png,50,1000,alexnet,0.29558934877620047,[10.30399699],[1.7421948],0.3234338608631264
22,Llama.png,50,1000,alexnet,0.16820079392252918,[10.30399699],[1.7421948],0.3234338608631264
23,Llama.png,50,1000,alexnet,1.6916329535223436,[10.30399699],[1.7421948],0.3234338608631264
24,Llama.png,50,1000,alexnet,0.34736218673748986,[10.30399699],[1.7421948],0.3234338608631264
25,Llama.png,50,1000,alexnet,-0.2503027346071125,[10.30399699],[1.7421948],0.3234338608631264
26,Llama.png,50,1000,alexnet,-0.03521493271159404,[10.30399699],[1.7421948],0.3234338608631264
27,Llama.png,50,1000,alexnet,0.6619841576488383,[10.30399699],[1.7421948],0.3234338608631264
28,Llama.png,50,1000,alexnet,0.43767665797669153,[10.30399699],[1.7421948],0.3234338608631264
29,Llama.png,50,1000,alexnet,0.6331563597928511,[10.30399699],[1.7421948],0.3234338608631264
30,Llama.png,50,1000,alexnet,-1.0555978804295307,[10.30399699],[1.7421948],0.3234338608631264
31,Llama.png,50,1000,alexnet,1.2878024555088237,[10.30399699],[1.7421948],0.3234338608631264
32,Llama.png,50,1000,alexnet,0.28411510955826547,[10.30399699],[1.7421948],0.3234338608631264
33,Llama.png,50,1000,alexnet,0.23692832392868635,[10.30399699],[1.7421948],0.3234338608631264
34,Llama.png,50,1000,alexnet,1.150234509008782,[10.30399699],[1.7421948],0.3234338608631264
35,Llama.png,50,1000,alexnet,0.7638320008053281,[10.30399699],[1.7421948],0.3234338608631264
36,Llama.png,50,1000,alexnet,-0.030095023385383612,[10.30399699],[1.7421948],0.3234338608631264
37,Llama.png,50,1000,alexnet,-0.1935713596045039,[10.30399699],[1.7421948],0.3234338608631264
38,Llama.png,50,1000,alexnet,-0.32459195604389635,[10.30399699],[1.7421948],0.3234338608631264
39,Llama.png,50,1000,alexnet,-0.14341513897543212,[10.30399699],[1.7421948],0.3234338608631264
40,Llama.png,50,1000,alexnet,-0.3941763077599765,[10.30399699],[1.7421948],0.3234338608631264
41,Llama.png,50,1000,alexnet,0.7272219042262691,[10.30399699],[1.7421948],0.3234338608631264
42,Llama.png,50,1000,alexnet,0.7886360287933218,[10.30399699],[1.7421948],0.3234338608631264
43,Llama.png,50,1000,alexnet,1.4701336532566316,[10.30399699],[1.7421948],0.3234338608631264
44,Llama.png,50,1000,alexnet,1.0192496814082102,[10.30399699],[1.7421948],0.3234338608631264
45,Llama.png,50,1000,alexnet,0.37001392167008174,[10.30399699],[1.7421948],0.3234338608631264
46,Llama.png,50,1000,alexnet,0.7557406792357462,[10.30399699],[1.7421948],0.3234338608631264
47,Llama.png,50,1000,alexnet,0.2102860341791324,[10.30399699],[1.7421948],0.3234338608631264
48,Llama.png,50,1000,alexnet,0.6833679495397558,[10.30399699],[1.7421948],0.3234338608631264
