,image,superpixels,compactness,model,pixel_index,shap_value,cred_width
0,Llama.png,10,1000,vgg16,0,2.5068350735752962,2.2307504503749986
1,Llama.png,10,1000,vgg16,1,3.4204156208802283,2.277324034626789
2,Llama.png,10,1000,vgg16,2,0.49919879308629456,2.075325531514077
3,Llama.png,10,1000,vgg16,3,0.10209771297501813,1.7351235813642751
4,Llama.png,10,1000,vgg16,4,2.2941080970133596,2.289667423576376
5,Llama.png,10,1000,vgg16,5,0.8608276642676995,2.006599686546515
6,Llama.png,10,1000,vgg16,6,1.3823180781058815,1.9185954268878436
7,Llama.png,10,1000,vgg16,7,3.128444021831809,2.250066139722309
8,Llama.png,10,1000,vgg16,8,1.816669631790028,1.9996221332872777
0,Llama.png,20,1000,vgg16,0,-0.012306757267198432,6.689272652673097
1,Llama.png,20,1000,vgg16,1,3.2906886545796508,6.7044229603084515
2,Llama.png,20,1000,vgg16,2,-1.2892662055927522,6.682199745890039
3,Llama.png,20,1000,vgg16,3,-0.008343133358561516,6.559633336057471
4,Llama.png,20,1000,vgg16,4,-0.6702421884207079,6.701581874589526
5,Llama.png,20,1000,vgg16,5,6.324643739822229,6.573333292016139
6,Llama.png,20,1000,vgg16,6,-1.5953758524246453,6.610264386973918
7,Llama.png,20,1000,vgg16,7,-0.7860738647075944,6.686430020484703
8,Llama.png,20,1000,vgg16,8,-0.9415128410075,6.81664798078875
9,Llama.png,20,1000,vgg16,9,-0.20147426297662108,6.4920568828996315
10,Llama.png,20,1000,vgg16,10,0.02154981274422152,6.5974708066237575
11,Llama.png,20,1000,vgg16,11,4.678870040894251,6.661693888211169
12,Llama.png,20,1000,vgg16,12,1.6305423506500785,6.6467078633582775
13,Llama.png,20,1000,vgg16,13,1.762252194832489,6.733132300647476
14,Llama.png,20,1000,vgg16,14,0.7587710932603637,6.671712641500272
15,Llama.png,20,1000,vgg16,15,2.8366741981253076,6.613108535120175
0,Llama.png,30,1000,vgg16,0,0.5971462768985973,7.546341465471708
1,Llama.png,30,1000,vgg16,1,0.15677059720617015,7.53026083352281
2,Llama.png,30,1000,vgg16,2,-0.10841350091716251,7.495023747708326
3,Llama.png,30,1000,vgg16,3,-0.10573671451092981,7.5547932919180205
4,Llama.png,30,1000,vgg16,4,0.602480467461143,7.473439722457948
5,Llama.png,30,1000,vgg16,5,4.243103539959421,7.51094137937696
6,Llama.png,30,1000,vgg16,6,-0.6323575143007067,7.6110710531851815
7,Llama.png,30,1000,vgg16,7,-0.09076939883340351,7.448111045363101
8,Llama.png,30,1000,vgg16,8,-0.12443584114828887,7.46165860132812
9,Llama.png,30,1000,vgg16,9,-0.24181394188211325,7.333783002426383
10,Llama.png,30,1000,vgg16,10,-0.1923203391482513,7.666500644563474
11,Llama.png,30,1000,vgg16,11,-1.0324526768490943,7.646746507492572
12,Llama.png,30,1000,vgg16,12,0.26140797448511144,7.475773815940108
13,Llama.png,30,1000,vgg16,13,0.5060374984839742,7.611772866687046
14,Llama.png,30,1000,vgg16,14,0.19427731086391242,7.532097037770249
15,Llama.png,30,1000,vgg16,15,0.6002704793283571,7.517955236438281
16,Llama.png,30,1000,vgg16,16,-0.4207094228319477,7.609682030571172
17,Llama.png,30,1000,vgg16,17,1.4715932805467524,7.58672950378075
18,Llama.png,30,1000,vgg16,18,0.057812528905877514,7.541878879269189
19,Llama.png,30,1000,vgg16,19,-0.42420815045379356,7.416661949557448
20,Llama.png,30,1000,vgg16,20,3.5775195276853125,7.393386629037729
21,Llama.png,30,1000,vgg16,21,1.2929851657653453,7.54594932009321
22,Llama.png,30,1000,vgg16,22,3.5163659276692933,7.528582793946116
23,Llama.png,30,1000,vgg16,23,1.525373670077419,7.355881485578927
24,Llama.png,30,1000,vgg16,24,1.0537301617292343,7.48306207268123
0,Llama.png,40,1000,vgg16,0,0.8705349198315342,8.431173806703724
1,Llama.png,40,1000,vgg16,1,0.5070301350118949,8.250276375559539
2,Llama.png,40,1000,vgg16,2,0.19905316705247467,8.42153675636265
3,Llama.png,40,1000,vgg16,3,-0.5374820149813271,8.448733527446688
4,Llama.png,40,1000,vgg16,4,-0.22920036415384626,8.382480582145211
5,Llama.png,40,1000,vgg16,5,0.48373825335284293,8.332956668871393
6,Llama.png,40,1000,vgg16,6,0.14460567583474893,8.599520531286869
7,Llama.png,40,1000,vgg16,7,0.5819901301210373,8.354917810843705
8,Llama.png,40,1000,vgg16,8,0.8494008095470331,8.236790383935407
9,Llama.png,40,1000,vgg16,9,-0.6652117837581928,8.433230850720685
10,Llama.png,40,1000,vgg16,10,-0.09331929518415194,8.527556852549425
11,Llama.png,40,1000,vgg16,11,-0.07394591788208338,8.455136079348438
12,Llama.png,40,1000,vgg16,12,0.04004872053127073,8.419085742543055
13,Llama.png,40,1000,vgg16,13,-0.10695251019874341,8.52362003716988
14,Llama.png,40,1000,vgg16,14,-0.24908337603655273,8.486555221983128
15,Llama.png,40,1000,vgg16,15,-0.16461429789897153,8.454424899866476
16,Llama.png,40,1000,vgg16,16,-0.7305930522008239,8.420774158441967
17,Llama.png,40,1000,vgg16,17,-0.03684158268685511,8.375484784337472
18,Llama.png,40,1000,vgg16,18,1.04751003445591,8.46198193204645
19,Llama.png,40,1000,vgg16,19,1.0672458521825536,8.356682889664794
20,Llama.png,40,1000,vgg16,20,1.708812196641989,8.421729538172956
21,Llama.png,40,1000,vgg16,21,-0.5539193146721759,8.526937479128156
22,Llama.png,40,1000,vgg16,22,-0.8334482555891807,8.557660790334184
23,Llama.png,40,1000,vgg16,23,0.6213403219862093,8.498572975442684
24,Llama.png,40,1000,vgg16,24,0.9899062839185686,8.632975916282922
25,Llama.png,40,1000,vgg16,25,0.21678670143827983,8.468752843282735
26,Llama.png,40,1000,vgg16,26,-0.01713935574414549,8.543772659527786
27,Llama.png,40,1000,vgg16,27,0.14613330590417828,8.3602787539729
28,Llama.png,40,1000,vgg16,28,-0.2200034005394471,8.545979146717853
29,Llama.png,40,1000,vgg16,29,0.394775378489701,8.451306204597682
30,Llama.png,40,1000,vgg16,30,1.3017324537484978,8.352177691367217
31,Llama.png,40,1000,vgg16,31,1.6802278924762657,8.569084712062603
32,Llama.png,40,1000,vgg16,32,2.147471549294472,8.313050929101458
33,Llama.png,40,1000,vgg16,33,1.3478864544206863,8.54768358421393
34,Llama.png,40,1000,vgg16,34,2.232963742652768,8.525842345945874
35,Llama.png,40,1000,vgg16,35,2.4256679523893228,8.39697295206541
0,Llama.png,50,1000,vgg16,0,0.7692248662268657,9.896205064170001
1,Llama.png,50,1000,vgg16,1,0.27553773600445286,9.743280949217372
2,Llama.png,50,1000,vgg16,2,-0.12642182376736777,9.666668751727174
3,Llama.png,50,1000,vgg16,3,-0.5059999952675227,9.908364661477549
4,Llama.png,50,1000,vgg16,4,-0.32570534425677966,9.743585588606534
5,Llama.png,50,1000,vgg16,5,-0.3420018756429828,9.831489883513667
6,Llama.png,50,1000,vgg16,6,0.6366945195856051,9.763703308533685
7,Llama.png,50,1000,vgg16,7,0.37263382518161237,9.778524749692629
8,Llama.png,50,1000,vgg16,8,0.05708945307148383,9.665509974993203
9,Llama.png,50,1000,vgg16,9,0.8525910583516603,10.029824377182543
10,Llama.png,50,1000,vgg16,10,-0.5771632131854725,9.86466499232504
11,Llama.png,50,1000,vgg16,11,-0.29455329240665584,9.829248199601313
12,Llama.png,50,1000,vgg16,12,-0.07753529717215102,9.857783822182514
13,Llama.png,50,1000,vgg16,13,0.31108670302761077,9.755500322303966
14,Llama.png,50,1000,vgg16,14,-0.04863132783351176,9.717268816917112
15,Llama.png,50,1000,vgg16,15,0.12674035866215583,9.736735661750872
16,Llama.png,50,1000,vgg16,16,0.3045483842815129,9.88537224132099
17,Llama.png,50,1000,vgg16,17,-0.3368718331645111,9.889172292389647
18,Llama.png,50,1000,vgg16,18,-0.6379818166508846,9.767821662622769
19,Llama.png,50,1000,vgg16,19,-0.516630440250724,9.894992413956354
20,Llama.png,50,1000,vgg16,20,0.19352106700178417,9.956532041487195
21,Llama.png,50,1000,vgg16,21,0.5156378698913531,9.837021312259058
22,Llama.png,50,1000,vgg16,22,-0.16516762378606487,9.908914958222658
23,Llama.png,50,1000,vgg16,23,-0.3341687750722624,9.952433377438712
24,Llama.png,50,1000,vgg16,24,-0.1793086763051015,9.84208977500438
25,Llama.png,50,1000,vgg16,25,-0.459469866583051,9.889257074277866
26,Llama.png,50,1000,vgg16,26,0.05774857756117946,9.737998338598516
27,Llama.png,50,1000,vgg16,27,0.2655068291345639,9.708927279466753
28,Llama.png,50,1000,vgg16,28,0.09187770758603797,9.757260716749554
29,Llama.png,50,1000,vgg16,29,-0.2140513014851786,9.714816342639866
30,Llama.png,50,1000,vgg16,30,-0.37618192128406136,9.748659924141501
31,Llama.png,50,1000,vgg16,31,0.5081295148032794,9.704598688248478
32,Llama.png,50,1000,vgg16,32,0.8142248608493072,9.793918492119078
33,Llama.png,50,1000,vgg16,33,0.5846621202870681,9.87931189634953
34,Llama.png,50,1000,vgg16,34,1.265629973132032,9.77341478857563
35,Llama.png,50,1000,vgg16,35,0.34229253537928495,9.804045191499005
36,Llama.png,50,1000,vgg16,36,0.2798569866615761,9.683268169500288
37,Llama.png,50,1000,vgg16,37,0.14367297320244177,9.691137929980274
38,Llama.png,50,1000,vgg16,38,0.3885987391949861,9.781515131092867
39,Llama.png,50,1000,vgg16,39,0.39376189986754184,9.95734044569464
40,Llama.png,50,1000,vgg16,40,0.9738543500352836,9.837384457960486
41,Llama.png,50,1000,vgg16,41,0.6625534088855982,9.78914860022812
42,Llama.png,50,1000,vgg16,42,1.3986625065239582,9.789562449099872
43,Llama.png,50,1000,vgg16,43,1.6001380579281674,9.781688445001368
44,Llama.png,50,1000,vgg16,44,0.8550375839635773,9.746893402000742
45,Llama.png,50,1000,vgg16,45,1.597171719412076,9.815330363571961
46,Llama.png,50,1000,vgg16,46,1.372499718832307,9.896322572047218
47,Llama.png,50,1000,vgg16,47,2.171859329320778,9.82601738394133
48,Llama.png,50,1000,vgg16,48,2.0059346312559807,9.644613106875456
0,Llama.png,50,1000,alexnet,0,0.9039815871973484,9.574923777711957
1,Llama.png,50,1000,alexnet,1,0.74876764957857,9.647627514665336
2,Llama.png,50,1000,alexnet,2,0.8558662167567501,9.419933279988877
3,Llama.png,50,1000,alexnet,3,1.1170425660780299,9.522084519737023
4,Llama.png,50,1000,alexnet,4,1.1113844115266613,9.398942983142286
5,Llama.png,50,1000,alexnet,5,0.9865567808953939,9.449842854352063
6,Llama.png,50,1000,alexnet,6,1.335415146705445,9.558628098470809
7,Llama.png,50,1000,alexnet,7,0.5793521309068255,9.489687269561387
8,Llama.png,50,1000,alexnet,8,0.07807722823387753,9.60808464886328
9,Llama.png,50,1000,alexnet,9,0.6928664804188158,9.442072488767256
10,Llama.png,50,1000,alexnet,10,0.5611834135577962,9.584025571770452
11,Llama.png,50,1000,alexnet,11,0.653882090890618,9.566354156723815
12,Llama.png,50,1000,alexnet,12,0.6417051183812301,9.392928978102843
13,Llama.png,50,1000,alexnet,13,1.0799437359300739,9.442415158540545
14,Llama.png,50,1000,alexnet,14,0.18661218242739164,9.523313688432044
15,Llama.png,50,1000,alexnet,15,0.2054027683165045,9.416188105499055
16,Llama.png,50,1000,alexnet,16,-0.20083808218835753,9.314342135065258
17,Llama.png,50,1000,alexnet,17,0.06931847352877796,9.294904135947565
18,Llama.png,50,1000,alexnet,18,0.227486519941678,9.39416199835406
19,Llama.png,50,1000,alexnet,19,0.33505672348616633,9.546581291696539
20,Llama.png,50,1000,alexnet,20,1.06254875787947,9.347094246340573
21,Llama.png,50,1000,alexnet,21,-0.05493732702454146,9.533855434070475
22,Llama.png,50,1000,alexnet,22,-0.464247422223135,9.597354821172251
23,Llama.png,50,1000,alexnet,23,-0.32648201353948103,9.44424824092387
24,Llama.png,50,1000,alexnet,24,-0.6012688017207868,9.426952032152098
25,Llama.png,50,1000,alexnet,25,-0.09717059548306217,9.615956328018427
26,Llama.png,50,1000,alexnet,26,0.3334205365259635,9.633657975555677
27,Llama.png,50,1000,alexnet,27,1.177766743931397,9.54899944364099
28,Llama.png,50,1000,alexnet,28,0.1649144873225783,9.419021582360845
29,Llama.png,50,1000,alexnet,29,-0.25346168057850793,9.42013536511212
30,Llama.png,50,1000,alexnet,30,-0.5438075557694972,9.463603412495415
31,Llama.png,50,1000,alexnet,31,-1.1040430544448085,9.501354811795618
32,Llama.png,50,1000,alexnet,32,-0.6036472453817181,9.401353251667942
33,Llama.png,50,1000,alexnet,33,-0.955420278956078,9.612350119213437
34,Llama.png,50,1000,alexnet,34,0.8933480036424637,9.57854901049519
35,Llama.png,50,1000,alexnet,35,0.5307399467547436,9.515735325748587
36,Llama.png,50,1000,alexnet,36,0.14163493862154652,9.555118717623696
37,Llama.png,50,1000,alexnet,37,0.05365633843800133,9.368219299172766
38,Llama.png,50,1000,alexnet,38,-0.023504072078234906,9.48189383092446
39,Llama.png,50,1000,alexnet,39,-0.3885733607052808,9.464933408168445
40,Llama.png,50,1000,alexnet,40,-0.1314176272225831,9.274192037582665
41,Llama.png,50,1000,alexnet,41,1.0575161026847155,9.673944007035841
42,Llama.png,50,1000,alexnet,42,1.2312791595713537,9.536021352970765
43,Llama.png,50,1000,alexnet,43,0.5125632515884275,9.515675888959194
44,Llama.png,50,1000,alexnet,44,0.853946582700932,9.436921602910216
45,Llama.png,50,1000,alexnet,45,0.9525027340924823,9.294809228441771
46,Llama.png,50,1000,alexnet,46,0.6701229595272271,9.3976251404928
47,Llama.png,50,1000,alexnet,47,0.9481534574642838,9.286879530210477
48,Llama.png,50,1000,alexnet,48,1.5005575224600927,9.543015990658848
0,Llama.png,40,1000,alexnet,0,0.8237064770945728,7.831560888494982
1,Llama.png,40,1000,alexnet,1,0.8232667018632478,7.9487015551521525
2,Llama.png,40,1000,alexnet,2,0.8739636114293803,7.916115484375594
3,Llama.png,40,1000,alexnet,3,0.7081531318656991,7.970782876935731
4,Llama.png,40,1000,alexnet,4,0.6054106845597258,8.073816018203395
5,Llama.png,40,1000,alexnet,5,0.9663064968060526,7.847115615350702
6,Llama.png,40,1000,alexnet,6,0.9155314239323089,8.008531700778953
7,Llama.png,40,1000,alexnet,7,0.6541885741352527,7.947787653306912
8,Llama.png,40,1000,alexnet,8,0.6128146048190275,7.929806853066877
9,Llama.png,40,1000,alexnet,9,0.3060826003100203,7.966313874959199
10,Llama.png,40,1000,alexnet,10,0.34375916192068434,8.053916707960703
11,Llama.png,40,1000,alexnet,11,0.48596520959658607,7.90496594215219
12,Llama.png,40,1000,alexnet,12,0.49209338747850495,7.864696690135431
13,Llama.png,40,1000,alexnet,13,-0.013215838159455373,7.952494159261522
14,Llama.png,40,1000,alexnet,14,-0.16872236130786344,7.876185963599596
15,Llama.png,40,1000,alexnet,15,-0.08124139884127946,7.94404660393306
16,Llama.png,40,1000,alexnet,16,0.11306150378319035,7.888951893392318
17,Llama.png,40,1000,alexnet,17,0.8701773025583357,7.8596695833686265
18,Llama.png,40,1000,alexnet,18,0.8519371960138447,7.898441745100761
19,Llama.png,40,1000,alexnet,19,-0.21583259660280696,8.004076711057394
20,Llama.png,40,1000,alexnet,20,0.22375837519264152,7.784383057897439
21,Llama.png,40,1000,alexnet,21,-0.675960809221591,7.984426684838809
22,Llama.png,40,1000,alexnet,22,-0.599435183092873,7.796129850185594
23,Llama.png,40,1000,alexnet,23,1.2580068641149,7.864740129265787
24,Llama.png,40,1000,alexnet,24,0.7774320370633792,7.8878952103935704
25,Llama.png,40,1000,alexnet,25,-0.4104167971506305,7.767171025519813
26,Llama.png,40,1000,alexnet,26,-0.4418762575745969,7.934129869572711
27,Llama.png,40,1000,alexnet,27,-0.24979353028477025,7.915627059498014
28,Llama.png,40,1000,alexnet,28,0.28675210038269316,7.940033522892896
29,Llama.png,40,1000,alexnet,29,1.2601277200938874,7.834717421680055
30,Llama.png,40,1000,alexnet,30,0.08668559660484565,7.859512907780731
31,Llama.png,40,1000,alexnet,31,1.5738962231496432,7.89854616687063
32,Llama.png,40,1000,alexnet,32,0.5918712214803756,7.860211943181302
33,Llama.png,40,1000,alexnet,33,1.7548645700401702,7.830164134584532
34,Llama.png,40,1000,alexnet,34,1.0573361393978766,7.95527326499805
35,Llama.png,40,1000,alexnet,35,2.079495914225456,7.991260059807583
0,Llama.png,30,1000,alexnet,0,0.7442798240254502,7.02503487118546
1,Llama.png,30,1000,alexnet,1,0.4578541679861323,7.041713531939116
2,Llama.png,30,1000,alexnet,2,0.6965748867419781,7.074560637058783
3,Llama.png,30,1000,alexnet,3,0.1612507697888912,7.071484016172053
4,Llama.png,30,1000,alexnet,4,0.8752308980254861,6.93917697668209
5,Llama.png,30,1000,alexnet,5,1.6543531051269063,6.950307150634579
6,Llama.png,30,1000,alexnet,6,0.6921815631579302,7.0787169322366905
7,Llama.png,30,1000,alexnet,7,0.8989881609052723,6.997306057558586
8,Llama.png,30,1000,alexnet,8,0.9011222800439906,6.997786202652501
9,Llama.png,30,1000,alexnet,9,1.3173811844644754,6.90973173441366
10,Llama.png,30,1000,alexnet,10,-1.0272711411467146,6.970035699969973
11,Llama.png,30,1000,alexnet,11,-0.41604716049925816,7.126791146602515
12,Llama.png,30,1000,alexnet,12,1.5423976652347728,7.031443669873039
13,Llama.png,30,1000,alexnet,13,0.8564581155668121,6.9578423194295755
14,Llama.png,30,1000,alexnet,14,0.04925608326099962,7.04804244867917
15,Llama.png,30,1000,alexnet,15,-1.0427823821135993,7.0044389240877525
16,Llama.png,30,1000,alexnet,16,-0.4284099739232756,6.995627609626124
17,Llama.png,30,1000,alexnet,17,1.3036031137930322,6.913184953253152
18,Llama.png,30,1000,alexnet,18,0.7681559253665435,7.014614212648216
19,Llama.png,30,1000,alexnet,19,-0.14147874358501422,7.091072924228931
20,Llama.png,30,1000,alexnet,20,1.32814365779856,6.999944919058649
21,Llama.png,30,1000,alexnet,21,1.4843338413425036,7.0132504906466355
22,Llama.png,30,1000,alexnet,22,2.6401450608091217,6.975087834593525
23,Llama.png,30,1000,alexnet,23,2.4259849789317203,6.945748206055035
24,Llama.png,30,1000,alexnet,24,0.9626585907248977,6.973703289491546
0,Llama.png,20,1000,alexnet,0,0.7006303033373156,5.670085467020022
1,Llama.png,20,1000,alexnet,1,0.7400552532266431,5.734499468632454
2,Llama.png,20,1000,alexnet,2,0.8872696434400877,5.6710130901621065
3,Llama.png,20,1000,alexnet,3,1.4189795686138367,5.6686789600007685
4,Llama.png,20,1000,alexnet,4,0.37639601451340043,5.648881423175378
5,Llama.png,20,1000,alexnet,5,0.23980107873222778,5.672643228860794
6,Llama.png,20,1000,alexnet,6,-0.3724897115755992,5.717693627361868
7,Llama.png,20,1000,alexnet,7,1.3675160231898582,5.63141039938477
8,Llama.png,20,1000,alexnet,8,1.1797875990159068,5.630889562647136
9,Llama.png,20,1000,alexnet,9,-0.10312241205497763,5.7050657750797305
10,Llama.png,20,1000,alexnet,10,1.2265623807094568,5.653860551574139
11,Llama.png,20,1000,alexnet,11,1.7300429581946672,5.720587975323669
12,Llama.png,20,1000,alexnet,12,2.9177663400462333,5.590870899298704
13,Llama.png,20,1000,alexnet,13,2.093715403108124,5.6407298971406
14,Llama.png,20,1000,alexnet,14,1.2842461908712983,5.704936193593997
15,Llama.png,20,1000,alexnet,15,3.3243624141400607,5.618311647550346
0,Llama.png,10,1000,alexnet,0,2.1860463763457876,2.79038638240193
1,Llama.png,10,1000,alexnet,1,2.5338985382164214,2.8701731682054286
2,Llama.png,10,1000,alexnet,2,0.7768417835108343,2.720296681813808
3,Llama.png,10,1000,alexnet,3,0.9010408632347844,2.8869168629771487
4,Llama.png,10,1000,alexnet,4,2.164991878759702,2.750971730567776
5,Llama.png,10,1000,alexnet,5,1.8509493327066948,2.5098740308681524
6,Llama.png,10,1000,alexnet,6,2.9704466881117977,2.756704549070247
7,Llama.png,10,1000,alexnet,7,2.4322401985154922,2.7659966863648746
8,Llama.png,10,1000,alexnet,8,3.3571486210312895,2.7668772444836045
0,Llama.png,10,1000,resnet152,0,1.269236513489062,1.0235399725701935
1,Llama.png,10,1000,resnet152,1,-0.2982250011515197,0.9023488417208957
2,Llama.png,10,1000,resnet152,2,-0.2693897003786485,1.0157153990469394
3,Llama.png,10,1000,resnet152,3,0.7430779875774591,0.9611788340458243
4,Llama.png,10,1000,resnet152,4,0.8966788092045244,1.0152152797330194
5,Llama.png,10,1000,resnet152,5,0.8948048282742491,1.0075632121468285
6,Llama.png,10,1000,resnet152,6,0.5392011714708088,1.045216524728104
7,Llama.png,10,1000,resnet152,7,0.37034716420832836,0.8990574308046984
8,Llama.png,10,1000,resnet152,8,0.8731500539207846,1.0711973928394072
0,Llama.png,20,1000,resnet152,0,-1.755778078715823,4.89751087037173
1,Llama.png,20,1000,resnet152,1,2.731325113565548,4.941161829734677
2,Llama.png,20,1000,resnet152,2,-1.247119458571519,5.016703182399677
3,Llama.png,20,1000,resnet152,3,-1.3083399372103819,4.923596720889956
4,Llama.png,20,1000,resnet152,4,-1.510470680413376,4.892642382613339
5,Llama.png,20,1000,resnet152,5,3.2775035934607804,4.974088979728192
6,Llama.png,20,1000,resnet152,6,-2.028850103321539,4.968878201163406
7,Llama.png,20,1000,resnet152,7,-1.655865006979682,4.936979476496587
8,Llama.png,20,1000,resnet152,8,-1.5118091895569452,4.9583900383142705
9,Llama.png,20,1000,resnet152,9,2.1048661053402498,4.931786681031006
10,Llama.png,20,1000,resnet152,10,2.374348722790762,4.900760309434233
11,Llama.png,20,1000,resnet152,11,1.8471173938054393,4.9317183670946365
12,Llama.png,20,1000,resnet152,12,1.8745614125008647,4.95707677180182
13,Llama.png,20,1000,resnet152,13,-0.3592758104886622,4.972729162219795
14,Llama.png,20,1000,resnet152,14,1.712965402412538,4.924644882326005
15,Llama.png,20,1000,resnet152,15,2.048288773975246,4.909587186567214
0,Llama.png,30,1000,resnet152,0,-1.6823932857096864,6.709809666574476
1,Llama.png,30,1000,resnet152,1,2.9347918676766844,6.608228334852054
2,Llama.png,30,1000,resnet152,2,-0.12563353211113526,6.514737529133689
3,Llama.png,30,1000,resnet152,3,-0.7448630708588198,6.597491364126127
4,Llama.png,30,1000,resnet152,4,-1.4141436682371613,6.694547199578193
5,Llama.png,30,1000,resnet152,5,-0.5361773040179223,6.584881173613699
6,Llama.png,30,1000,resnet152,6,-1.3775826196801928,6.687871761611852
7,Llama.png,30,1000,resnet152,7,-1.2741765001486876,6.659052047980709
8,Llama.png,30,1000,resnet152,8,1.1499472810336235,6.533921451721232
9,Llama.png,30,1000,resnet152,9,-1.50003892416842,6.514875694531299
10,Llama.png,30,1000,resnet152,10,3.156350856078852,6.627667185998125
11,Llama.png,30,1000,resnet152,11,-1.309902302362024,6.637338841199535
12,Llama.png,30,1000,resnet152,12,-0.27197758072368305,6.565113013958057
13,Llama.png,30,1000,resnet152,13,-0.8599429230353022,6.552648276297853
14,Llama.png,30,1000,resnet152,14,2.191819115082245,6.662489870727513
15,Llama.png,30,1000,resnet152,15,1.5960273243648488,6.611077302514276
16,Llama.png,30,1000,resnet152,16,1.19248716552925,6.630106111132045
17,Llama.png,30,1000,resnet152,17,1.8519416554941395,6.618746362642754
18,Llama.png,30,1000,resnet152,18,-1.1620221483296467,6.4976911400000645
19,Llama.png,30,1000,resnet152,19,-1.3134101342610762,6.569852838744218
20,Llama.png,30,1000,resnet152,20,-0.2924573904681078,6.527596337765374
21,Llama.png,30,1000,resnet152,21,2.5259888874453607,6.507128572084894
22,Llama.png,30,1000,resnet152,22,1.8238865323472717,6.512135226579652
23,Llama.png,30,1000,resnet152,23,1.506621075821541,6.627390152357767
24,Llama.png,30,1000,resnet152,24,1.0467758686018045,6.636244863116275
0,Llama.png,40,1000,resnet152,0,-0.7919856510403891,7.702660003923833
1,Llama.png,40,1000,resnet152,1,-0.44854397342721697,7.637919347585078
2,Llama.png,40,1000,resnet152,2,-0.22612587306178256,7.716792511149283
3,Llama.png,40,1000,resnet152,3,-0.17598605499271747,7.674386209380314
4,Llama.png,40,1000,resnet152,4,-0.676634226042923,7.676609462163312
5,Llama.png,40,1000,resnet152,5,-0.528981861065108,7.839402610107744
6,Llama.png,40,1000,resnet152,6,-0.37811030419216207,7.87705840403202
7,Llama.png,40,1000,resnet152,7,0.5367791784480791,7.805162487739382
8,Llama.png,40,1000,resnet152,8,-1.3609181361220104,7.858302344025218
9,Llama.png,40,1000,resnet152,9,-0.6075803670488611,7.867582480759145
10,Llama.png,40,1000,resnet152,10,-0.7889515845774255,7.897739312983846
11,Llama.png,40,1000,resnet152,11,-0.504406655791847,7.588938547693254
12,Llama.png,40,1000,resnet152,12,-0.4603745103532333,7.6498716537856355
13,Llama.png,40,1000,resnet152,13,0.12756477293324586,7.701176334387268
14,Llama.png,40,1000,resnet152,14,3.1999944694377627,7.891254773039016
15,Llama.png,40,1000,resnet152,15,-0.9979052035467033,7.750273429561307
16,Llama.png,40,1000,resnet152,16,-0.8551166697677384,7.706460622487363
17,Llama.png,40,1000,resnet152,17,-0.5205538254528563,7.808687051248866
18,Llama.png,40,1000,resnet152,18,-0.11579004492593503,7.739850817822961
19,Llama.png,40,1000,resnet152,19,0.31897114507058255,7.747831859131454
20,Llama.png,40,1000,resnet152,20,0.9532029120810472,7.733541183785262
21,Llama.png,40,1000,resnet152,21,1.0557812016391357,7.817201135505758
22,Llama.png,40,1000,resnet152,22,2.0790608548704648,7.760883294464763
23,Llama.png,40,1000,resnet152,23,1.3039297514058583,7.856091195442307
24,Llama.png,40,1000,resnet152,24,-0.4770059958632382,7.742485682723264
25,Llama.png,40,1000,resnet152,25,-0.4836897596739451,7.815608909388731
26,Llama.png,40,1000,resnet152,26,-0.1228204628640297,7.835039544475355
27,Llama.png,40,1000,resnet152,27,-0.32893449755222015,7.782921203719869
28,Llama.png,40,1000,resnet152,28,-0.8055231664965143,7.842866279621781
29,Llama.png,40,1000,resnet152,29,1.4992378869115837,7.7083320270805675
30,Llama.png,40,1000,resnet152,30,1.3537906097746903,7.6923739744138615
31,Llama.png,40,1000,resnet152,31,2.1207227739420236,7.868247660203412
32,Llama.png,40,1000,resnet152,32,0.8619560520603748,7.737768881488891
33,Llama.png,40,1000,resnet152,33,0.7072031080451424,7.799695505343035
34,Llama.png,40,1000,resnet152,34,3.2432238454830937,7.6356075997365505
35,Llama.png,40,1000,resnet152,35,0.2946960585171703,7.757957698759391
0,Llama.png,50,1000,resnet152,0,-0.8947814930561906,9.158742473664537
1,Llama.png,50,1000,resnet152,1,-0.3965302785470417,9.10910395924818
2,Llama.png,50,1000,resnet152,2,1.221683334323053,9.18528909343045
3,Llama.png,50,1000,resnet152,3,0.09908983296219098,9.118880279616382
4,Llama.png,50,1000,resnet152,4,-0.2252222958849801,9.099243265086754
5,Llama.png,50,1000,resnet152,5,-0.44759590938255567,9.236187837119429
6,Llama.png,50,1000,resnet152,6,-0.4389894063639428,9.352957754755462
7,Llama.png,50,1000,resnet152,7,-0.5004394576159603,9.07431565025677
8,Llama.png,50,1000,resnet152,8,-0.7563162376993429,9.12410786433722
9,Llama.png,50,1000,resnet152,9,3.8411615987583736,8.98767195622494
10,Llama.png,50,1000,resnet152,10,-0.05076955652710691,9.113043434358193
11,Llama.png,50,1000,resnet152,11,-0.2735974736715301,9.090438541763532
12,Llama.png,50,1000,resnet152,12,-0.6683850136137628,9.07357868090842
13,Llama.png,50,1000,resnet152,13,-0.5343339150481778,9.22248729070593
14,Llama.png,50,1000,resnet152,14,-0.8944834626523424,9.23825726256857
15,Llama.png,50,1000,resnet152,15,-0.0457126872931255,9.219389100752354
16,Llama.png,50,1000,resnet152,16,1.584850722223585,9.08658479373841
17,Llama.png,50,1000,resnet152,17,0.9182559636744556,9.174320537896268
18,Llama.png,50,1000,resnet152,18,-0.4375447718151326,9.194438716053119
19,Llama.png,50,1000,resnet152,19,-0.008657581279796656,9.235002029486033
20,Llama.png,50,1000,resnet152,20,-0.5126870104903478,9.055630152318804
21,Llama.png,50,1000,resnet152,21,0.16140494138848283,9.212669007664976
22,Llama.png,50,1000,resnet152,22,0.07963729623276272,9.290444422165722
23,Llama.png,50,1000,resnet152,23,2.670425892709358,9.209719682489006
24,Llama.png,50,1000,resnet152,24,0.6830690102334058,9.28930315408773
25,Llama.png,50,1000,resnet152,25,-0.6213514615449212,9.272737244328034
26,Llama.png,50,1000,resnet152,26,-0.6061561856356494,9.133409186158
27,Llama.png,50,1000,resnet152,27,-0.5917791208842349,9.137600646791428
28,Llama.png,50,1000,resnet152,28,0.01740246286429903,9.141031231496818
29,Llama.png,50,1000,resnet152,29,0.13523443815902603,9.209645028614114
30,Llama.png,50,1000,resnet152,30,0.5461552207278855,9.235920675384158
31,Llama.png,50,1000,resnet152,31,-0.9111822485805279,9.33013041621296
32,Llama.png,50,1000,resnet152,32,0.6125468739711977,9.300188349905381
33,Llama.png,50,1000,resnet152,33,0.027737940987764276,9.1282730780104
34,Llama.png,50,1000,resnet152,34,1.0593874137897723,9.166106178744457
35,Llama.png,50,1000,resnet152,35,-0.24883463221914015,9.242611733996196
36,Llama.png,50,1000,resnet152,36,-0.24939431027626302,9.202571375484036
37,Llama.png,50,1000,resnet152,37,0.21720388125131151,9.065399086790807
38,Llama.png,50,1000,resnet152,38,-0.6293589127704955,9.27311364423651
39,Llama.png,50,1000,resnet152,39,-0.4341931597935389,9.292476811997957
40,Llama.png,50,1000,resnet152,40,-0.6270487504572406,9.096237365531191
41,Llama.png,50,1000,resnet152,41,-0.299907774645352,9.259177277278866
42,Llama.png,50,1000,resnet152,42,1.4235149167059935,9.164832895007192
43,Llama.png,50,1000,resnet152,43,1.6346952047913739,9.133918120359022
44,Llama.png,50,1000,resnet152,44,0.512513529381696,9.329934323611774
45,Llama.png,50,1000,resnet152,45,0.18920080851105947,9.161413912242304
46,Llama.png,50,1000,resnet152,46,1.7609482199087294,8.9826412215106
47,Llama.png,50,1000,resnet152,47,1.370305615701767,9.082476592445536
48,Llama.png,50,1000,resnet152,48,-0.3081204894307161,9.114124508253138
